"symbol","date","price"
"xrp_marketcap.USD.","01-01-2017",19.2625366810413
"xrp_marketcap.USD.","01-02-2017",19.2473880667236
"xrp_marketcap.USD.","01-03-2017",19.2623772316155
"xrp_marketcap.USD.","01-04-2017",19.2911704397591
"xrp_marketcap.USD.","01-05-2017",19.2324284037484
"xrp_marketcap.USD.","01-06-2017",19.2569321014808
"xrp_marketcap.USD.","01-07-2017",19.2620151439174
"xrp_marketcap.USD.","01-08-2017",19.2391381154778
"xrp_marketcap.USD.","01-09-2017",19.2259058279177
"xrp_marketcap.USD.","01-10-2017",19.3116987950291
"xrp_marketcap.USD.","01-11-2017",19.2672783592252
"xrp_marketcap.USD.","01-12-2017",19.2818476965954
"xrp_marketcap.USD.","01-13-2017",19.3088024274296
"xrp_marketcap.USD.","01-14-2017",19.3469970513735
"xrp_marketcap.USD.","01-15-2017",19.3293666321665
"xrp_marketcap.USD.","01-16-2017",19.3330357409729
"xrp_marketcap.USD.","01-17-2017",19.335638587926
"xrp_marketcap.USD.","01-18-2017",19.3243076267104
"xrp_marketcap.USD.","01-19-2017",19.373056508638
"xrp_marketcap.USD.","01-20-2017",19.3237200623907
"xrp_marketcap.USD.","01-21-2017",19.3255666877631
"xrp_marketcap.USD.","01-22-2017",19.3273412537331
"xrp_marketcap.USD.","01-23-2017",19.3258781720286
"xrp_marketcap.USD.","01-24-2017",19.2985008812639
"xrp_marketcap.USD.","01-25-2017",19.2959452937947
"xrp_marketcap.USD.","01-26-2017",19.3224830232581
"xrp_marketcap.USD.","01-27-2017",19.2802571986374
"xrp_marketcap.USD.","01-28-2017",19.2719165547108
"xrp_marketcap.USD.","01-29-2017",19.2791770950966
"xrp_marketcap.USD.","01-30-2017",19.2772554411198
"xrp_marketcap.USD.","01-31-2017",19.2648694903355
"xrp_marketcap.USD.","02-01-2017",19.3004153694533
"xrp_marketcap.USD.","02-02-2017",19.289049334816
"xrp_marketcap.USD.","02-03-2017",19.2923673380108
"xrp_marketcap.USD.","02-04-2017",19.2933831585613
"xrp_marketcap.USD.","02-05-2017",19.2849115718795
"xrp_marketcap.USD.","02-06-2017",19.2845828449348
"xrp_marketcap.USD.","02-07-2017",19.2798634136601
"xrp_marketcap.USD.","02-08-2017",19.283954591648
"xrp_marketcap.USD.","02-09-2017",19.2788040825497
"xrp_marketcap.USD.","02-10-2017",19.2665318440006
"xrp_marketcap.USD.","02-11-2017",19.2726931874921
"xrp_marketcap.USD.","02-12-2017",19.2629416544651
"xrp_marketcap.USD.","02-13-2017",19.2586249954125
"xrp_marketcap.USD.","02-14-2017",19.2648780884182
"xrp_marketcap.USD.","02-15-2017",19.2420584171592
"xrp_marketcap.USD.","02-16-2017",19.2092017386556
"xrp_marketcap.USD.","02-17-2017",19.2108185098259
"xrp_marketcap.USD.","02-18-2017",19.1483887588134
"xrp_marketcap.USD.","02-19-2017",19.1990969511574
"xrp_marketcap.USD.","02-20-2017",19.197599057577
"xrp_marketcap.USD.","02-21-2017",19.1938860166829
"xrp_marketcap.USD.","02-22-2017",19.1950391799371
"xrp_marketcap.USD.","02-23-2017",19.2024109824308
"xrp_marketcap.USD.","02-24-2017",19.1707374184854
"xrp_marketcap.USD.","02-25-2017",19.1644830152913
"xrp_marketcap.USD.","02-26-2017",19.1646398530619
"xrp_marketcap.USD.","02-27-2017",19.1544755038231
"xrp_marketcap.USD.","02-28-2017",19.1396028779897
"xrp_marketcap.USD.","03-01-2017",19.1203118583076
"xrp_marketcap.USD.","03-02-2017",19.2271967875836
"xrp_marketcap.USD.","03-03-2017",19.2863937148575
"xrp_marketcap.USD.","03-04-2017",19.2763761035823
"xrp_marketcap.USD.","03-05-2017",19.2504545220441
"xrp_marketcap.USD.","03-06-2017",19.2385645059136
"xrp_marketcap.USD.","03-07-2017",19.3169769101113
"xrp_marketcap.USD.","03-08-2017",19.3068008864814
"xrp_marketcap.USD.","03-09-2017",19.3064627825813
"xrp_marketcap.USD.","03-10-2017",19.2633938245663
"xrp_marketcap.USD.","03-11-2017",19.2610446197366
"xrp_marketcap.USD.","03-12-2017",19.2702032707903
"xrp_marketcap.USD.","03-13-2017",19.2820252016357
"xrp_marketcap.USD.","03-14-2017",19.2858971048419
"xrp_marketcap.USD.","03-15-2017",19.27773938399
"xrp_marketcap.USD.","03-16-2017",19.2927813153985
"xrp_marketcap.USD.","03-17-2017",19.24985245668
"xrp_marketcap.USD.","03-18-2017",19.3429972841222
"xrp_marketcap.USD.","03-19-2017",19.3692760196304
"xrp_marketcap.USD.","03-20-2017",19.3809271153487
"xrp_marketcap.USD.","03-21-2017",19.3681406312385
"xrp_marketcap.USD.","03-22-2017",19.4211839395102
"xrp_marketcap.USD.","03-23-2017",19.7908965348596
"xrp_marketcap.USD.","03-24-2017",19.7884903090549
"xrp_marketcap.USD.","03-25-2017",19.6516303793225
"xrp_marketcap.USD.","03-26-2017",19.6862583953993
"xrp_marketcap.USD.","03-27-2017",19.6952722973097
"xrp_marketcap.USD.","03-28-2017",19.69092151057
"xrp_marketcap.USD.","03-29-2017",19.7518930634904
"xrp_marketcap.USD.","03-30-2017",20.0055902803085
"xrp_marketcap.USD.","03-31-2017",20.5161961560213
"xrp_marketcap.USD.","04-01-2017",20.5250977850356
"xrp_marketcap.USD.","04-02-2017",21.5394267934015
"xrp_marketcap.USD.","04-03-2017",20.9377076376067
"xrp_marketcap.USD.","04-04-2017",21.0615435855067
"xrp_marketcap.USD.","04-05-2017",21.0145987370096
"xrp_marketcap.USD.","04-06-2017",20.9288887951426
"xrp_marketcap.USD.","04-07-2017",21.0336140798971
"xrp_marketcap.USD.","04-08-2017",21.0182089838764
"xrp_marketcap.USD.","04-09-2017",20.970243095512
"xrp_marketcap.USD.","04-10-2017",20.9570881666028
"xrp_marketcap.USD.","04-11-2017",20.9368518602503
"xrp_marketcap.USD.","04-12-2017",20.9800685105527
"xrp_marketcap.USD.","04-13-2017",20.9747402524287
"xrp_marketcap.USD.","04-14-2017",20.9531069097083
"xrp_marketcap.USD.","04-15-2017",20.9635496510782
"xrp_marketcap.USD.","04-16-2017",20.9492533403924
"xrp_marketcap.USD.","04-17-2017",20.9563834812077
"xrp_marketcap.USD.","04-18-2017",20.942682451853
"xrp_marketcap.USD.","04-19-2017",20.8505150378619
"xrp_marketcap.USD.","04-20-2017",20.8421238501629
"xrp_marketcap.USD.","04-21-2017",20.9502739113628
"xrp_marketcap.USD.","04-22-2017",20.9119670007044
"xrp_marketcap.USD.","04-23-2017",20.8916321372011
"xrp_marketcap.USD.","04-24-2017",20.8971519149193
"xrp_marketcap.USD.","04-25-2017",20.9279032002238
"xrp_marketcap.USD.","04-26-2017",20.9413084003148
"xrp_marketcap.USD.","04-27-2017",21.0009278761159
"xrp_marketcap.USD.","04-28-2017",21.2468517014547
"xrp_marketcap.USD.","04-29-2017",21.4167129725154
"xrp_marketcap.USD.","04-30-2017",21.3931904488717
"xrp_marketcap.USD.","05-01-2017",21.4509303795319
"xrp_marketcap.USD.","05-02-2017",21.4372837016777
"xrp_marketcap.USD.","05-03-2017",21.5619582046372
"xrp_marketcap.USD.","05-04-2017",21.8368094301362
"xrp_marketcap.USD.","05-05-2017",21.9891311648439
"xrp_marketcap.USD.","05-06-2017",22.0762024640123
"xrp_marketcap.USD.","05-07-2017",22.4050746422567
"xrp_marketcap.USD.","05-08-2017",22.7462269701828
"xrp_marketcap.USD.","05-09-2017",22.5174989109567
"xrp_marketcap.USD.","05-10-2017",22.6724719768228
"xrp_marketcap.USD.","05-11-2017",22.6692874083655
"xrp_marketcap.USD.","05-12-2017",22.7923678595492
"xrp_marketcap.USD.","05-13-2017",22.8325840914939
"xrp_marketcap.USD.","05-14-2017",22.8550554914971
"xrp_marketcap.USD.","05-15-2017",23.0588794339542
"xrp_marketcap.USD.","05-16-2017",23.3335782473132
"xrp_marketcap.USD.","05-17-2017",23.4398263887334
"xrp_marketcap.USD.","05-18-2017",23.3628087629264
"xrp_marketcap.USD.","05-19-2017",23.2619501924149
"xrp_marketcap.USD.","05-20-2017",23.3339457376523
"xrp_marketcap.USD.","05-21-2017",23.2912490491515
"xrp_marketcap.USD.","05-22-2017",23.2143284995457
"xrp_marketcap.USD.","05-23-2017",23.2510084518537
"xrp_marketcap.USD.","05-24-2017",23.1431983151594
"xrp_marketcap.USD.","05-25-2017",22.9612334723542
"xrp_marketcap.USD.","05-26-2017",23.0680000434486
"xrp_marketcap.USD.","05-27-2017",22.8203987100776
"xrp_marketcap.USD.","05-28-2017",22.8854192133166
"xrp_marketcap.USD.","05-29-2017",22.90719689007
"xrp_marketcap.USD.","05-30-2017",22.7844008316436
"xrp_marketcap.USD.","05-31-2017",22.9565833778751
"xrp_marketcap.USD.","06-01-2017",23.2793995272727
"xrp_marketcap.USD.","06-02-2017",23.1746415560255
"xrp_marketcap.USD.","06-03-2017",23.1677150091031
"xrp_marketcap.USD.","06-04-2017",23.1726489306654
"xrp_marketcap.USD.","06-05-2017",23.1530032696008
"xrp_marketcap.USD.","06-06-2017",23.1206791754513
"xrp_marketcap.USD.","06-07-2017",23.1073295293048
"xrp_marketcap.USD.","06-08-2017",23.1316423527445
"xrp_marketcap.USD.","06-09-2017",23.116961394181
"xrp_marketcap.USD.","06-10-2017",23.0201939594118
"xrp_marketcap.USD.","06-11-2017",23.0713977448964
"xrp_marketcap.USD.","06-12-2017",22.9982864976205
"xrp_marketcap.USD.","06-13-2017",23.0444763940636
"xrp_marketcap.USD.","06-14-2017",23.0899706133778
"xrp_marketcap.USD.","06-15-2017",23.0193589022574
"xrp_marketcap.USD.","06-16-2017",23.0304204736548
"xrp_marketcap.USD.","06-17-2017",23.0520058874173
"xrp_marketcap.USD.","06-18-2017",23.1096036700018
"xrp_marketcap.USD.","06-19-2017",23.1381254884224
"xrp_marketcap.USD.","06-20-2017",23.2433706973844
"xrp_marketcap.USD.","06-21-2017",23.1641073918222
"xrp_marketcap.USD.","06-22-2017",23.1568879642382
"xrp_marketcap.USD.","06-23-2017",23.2265116253526
"xrp_marketcap.USD.","06-24-2017",23.1999386818073
"xrp_marketcap.USD.","06-25-2017",23.1604080463304
"xrp_marketcap.USD.","06-26-2017",23.0857882568003
"xrp_marketcap.USD.","06-27-2017",23.0789271339996
"xrp_marketcap.USD.","06-28-2017",23.0975388332312
"xrp_marketcap.USD.","06-29-2017",23.0444567629326
"xrp_marketcap.USD.","06-30-2017",23.0323398314086
"xrp_marketcap.USD.","07-01-2017",23.0000817380465
"xrp_marketcap.USD.","07-02-2017",23.017473940736
"xrp_marketcap.USD.","07-03-2017",23.0208052217378
"xrp_marketcap.USD.","07-04-2017",23.0024912036623
"xrp_marketcap.USD.","07-05-2017",23.0073722458446
"xrp_marketcap.USD.","07-06-2017",23.00144245198
"xrp_marketcap.USD.","07-07-2017",22.9402930415788
"xrp_marketcap.USD.","07-08-2017",22.9283064559588
"xrp_marketcap.USD.","07-09-2017",22.9163451679414
"xrp_marketcap.USD.","07-10-2017",22.7409636151794
"xrp_marketcap.USD.","07-11-2017",22.6767444159017
"xrp_marketcap.USD.","07-12-2017",22.7879959441855
"xrp_marketcap.USD.","07-13-2017",22.7631411057741
"xrp_marketcap.USD.","07-14-2017",22.7128852369542
"xrp_marketcap.USD.","07-15-2017",22.5934728961701
"xrp_marketcap.USD.","07-16-2017",22.4723474238927
"xrp_marketcap.USD.","07-17-2017",22.6518466974799
"xrp_marketcap.USD.","07-18-2017",22.6998215761161
"xrp_marketcap.USD.","07-19-2017",22.5966344786089
"xrp_marketcap.USD.","07-20-2017",22.7047540838691
"xrp_marketcap.USD.","07-21-2017",22.6656641123
"xrp_marketcap.USD.","07-22-2017",22.7263634470388
"xrp_marketcap.USD.","07-23-2017",22.7336278962458
"xrp_marketcap.USD.","07-24-2017",22.7207568104771
"xrp_marketcap.USD.","07-25-2017",22.6412334911171
"xrp_marketcap.USD.","07-26-2017",22.6277868664107
"xrp_marketcap.USD.","07-27-2017",22.6163326186912
"xrp_marketcap.USD.","07-28-2017",22.5690935800758
"xrp_marketcap.USD.","07-29-2017",22.5946448474026
"xrp_marketcap.USD.","07-30-2017",22.5680698994758
"xrp_marketcap.USD.","07-31-2017",22.5859279085196
"xrp_marketcap.USD.","08-01-2017",22.6409675573096
"xrp_marketcap.USD.","08-02-2017",22.6163732823523
"xrp_marketcap.USD.","08-03-2017",22.6243459700839
"xrp_marketcap.USD.","08-04-2017",22.6203818218243
"xrp_marketcap.USD.","08-05-2017",22.6846077303534
"xrp_marketcap.USD.","08-06-2017",22.6534849516537
"xrp_marketcap.USD.","08-07-2017",22.6528462355674
"xrp_marketcap.USD.","08-08-2017",22.7223402433318
"xrp_marketcap.USD.","08-09-2017",22.6725104205906
"xrp_marketcap.USD.","08-10-2017",22.6562615235908
"xrp_marketcap.USD.","08-11-2017",22.6509523685559
"xrp_marketcap.USD.","08-12-2017",22.6187740235831
"xrp_marketcap.USD.","08-13-2017",22.5885359571102
"xrp_marketcap.USD.","08-14-2017",22.5966667352117
"xrp_marketcap.USD.","08-15-2017",22.5449869398899
"xrp_marketcap.USD.","08-16-2017",22.5421847922281
"xrp_marketcap.USD.","08-17-2017",22.5190953456488
"xrp_marketcap.USD.","08-18-2017",22.5344831027815
"xrp_marketcap.USD.","08-19-2017",22.5027452135327
"xrp_marketcap.USD.","08-20-2017",22.5272897889944
"xrp_marketcap.USD.","08-21-2017",22.7349570384489
"xrp_marketcap.USD.","08-22-2017",22.9468488472955
"xrp_marketcap.USD.","08-23-2017",22.9930064056214
"xrp_marketcap.USD.","08-24-2017",22.842925190665
"xrp_marketcap.USD.","08-25-2017",22.8477751470787
"xrp_marketcap.USD.","08-26-2017",22.8215953720861
"xrp_marketcap.USD.","08-27-2017",22.7774011090369
"xrp_marketcap.USD.","08-28-2017",22.8738645729426
"xrp_marketcap.USD.","08-29-2017",22.8505852219957
"xrp_marketcap.USD.","08-30-2017",22.8895098796361
"xrp_marketcap.USD.","08-31-2017",23.0065111155299
"xrp_marketcap.USD.","09-01-2017",22.9809518855358
"xrp_marketcap.USD.","09-02-2017",22.8880636366619
"xrp_marketcap.USD.","09-03-2017",22.8948694264408
"xrp_marketcap.USD.","09-04-2017",22.7856502290547
"xrp_marketcap.USD.","09-05-2017",22.832516149623
"xrp_marketcap.USD.","09-06-2017",22.884328839413
"xrp_marketcap.USD.","09-07-2017",22.8720305288985
"xrp_marketcap.USD.","09-08-2017",22.8153520961593
"xrp_marketcap.USD.","09-09-2017",22.8073316700904
"xrp_marketcap.USD.","09-10-2017",22.8211070614716
"xrp_marketcap.USD.","09-11-2017",22.8320901945093
"xrp_marketcap.USD.","09-12-2017",22.8074498652382
"xrp_marketcap.USD.","09-13-2017",22.7625544310775
"xrp_marketcap.USD.","09-14-2017",22.5682642898138
"xrp_marketcap.USD.","09-15-2017",22.6656970844923
"xrp_marketcap.USD.","09-16-2017",22.6460009356168
"xrp_marketcap.USD.","09-17-2017",22.6456236516184
"xrp_marketcap.USD.","09-18-2017",22.7081755208507
"xrp_marketcap.USD.","09-19-2017",22.6754647416892
"xrp_marketcap.USD.","09-20-2017",22.6604955627602
"xrp_marketcap.USD.","09-21-2017",22.6070771530699
"xrp_marketcap.USD.","09-22-2017",22.6175367671275
"xrp_marketcap.USD.","09-23-2017",22.6448686563232
"xrp_marketcap.USD.","09-24-2017",22.6298528676052
"xrp_marketcap.USD.","09-25-2017",22.6659335922627
"xrp_marketcap.USD.","09-26-2017",22.684066005954
"xrp_marketcap.USD.","09-27-2017",22.7730030407949
"xrp_marketcap.USD.","09-28-2017",22.7407548442741
"xrp_marketcap.USD.","09-29-2017",22.7290568018513
"xrp_marketcap.USD.","09-30-2017",22.7484610440939
"xrp_marketcap.USD.","10-01-2017",22.790355153032
"xrp_marketcap.USD.","10-02-2017",22.7763403024038
"xrp_marketcap.USD.","10-03-2017",22.7763852202971
"xrp_marketcap.USD.","10-04-2017",22.8354504261617
"xrp_marketcap.USD.","10-05-2017",22.9332212543725
"xrp_marketcap.USD.","10-06-2017",22.9238536411782
"xrp_marketcap.USD.","10-07-2017",22.9422714753443
"xrp_marketcap.USD.","10-08-2017",23.0990363338017
"xrp_marketcap.USD.","10-09-2017",23.0013850666405
"xrp_marketcap.USD.","10-10-2017",23.0319820958707
"xrp_marketcap.USD.","10-11-2017",23.0486783895798
"xrp_marketcap.USD.","10-12-2017",22.9833525310393
"xrp_marketcap.USD.","10-13-2017",23.0320814796911
"xrp_marketcap.USD.","10-14-2017",23.0181523719428
"xrp_marketcap.USD.","10-15-2017",23.0406114554137
"xrp_marketcap.USD.","10-16-2017",23.0125488482409
"xrp_marketcap.USD.","10-17-2017",22.9103390632263
"xrp_marketcap.USD.","10-18-2017",22.8525339103432
"xrp_marketcap.USD.","10-19-2017",22.8380262587506
"xrp_marketcap.USD.","10-20-2017",22.8149965564018
"xrp_marketcap.USD.","10-21-2017",22.8186447021141
"xrp_marketcap.USD.","10-22-2017",22.7826742997781
"xrp_marketcap.USD.","10-23-2017",22.7428883697166
"xrp_marketcap.USD.","10-24-2017",22.800250613248
"xrp_marketcap.USD.","10-25-2017",22.7872802399033
"xrp_marketcap.USD.","10-26-2017",22.7834799608653
"xrp_marketcap.USD.","10-27-2017",22.7781841266935
"xrp_marketcap.USD.","10-28-2017",22.7720728980501
"xrp_marketcap.USD.","10-29-2017",22.7805665699132
"xrp_marketcap.USD.","10-30-2017",22.7772600750783
"xrp_marketcap.USD.","10-31-2017",22.7665411956422
"xrp_marketcap.USD.","11-01-2017",22.7379141583889
"xrp_marketcap.USD.","11-02-2017",22.7958602403865
"xrp_marketcap.USD.","11-03-2017",22.8049261652976
"xrp_marketcap.USD.","11-04-2017",22.7815411971124
"xrp_marketcap.USD.","11-05-2017",22.7750894915896
"xrp_marketcap.USD.","11-06-2017",22.7904981483798
"xrp_marketcap.USD.","11-07-2017",22.8173028447085
"xrp_marketcap.USD.","11-08-2017",22.8510736434392
"xrp_marketcap.USD.","11-09-2017",22.8526563948767
"xrp_marketcap.USD.","11-10-2017",22.7946109407511
"xrp_marketcap.USD.","11-11-2017",22.8151126145248
"xrp_marketcap.USD.","11-12-2017",22.7525831374717
"xrp_marketcap.USD.","11-13-2017",22.7859006840386
"xrp_marketcap.USD.","11-14-2017",22.8113858614195
"xrp_marketcap.USD.","11-15-2017",22.8290279336916
"xrp_marketcap.USD.","11-16-2017",22.884424452996
"xrp_marketcap.USD.","11-17-2017",22.8923081086792
"xrp_marketcap.USD.","11-18-2017",22.8993133094915
"xrp_marketcap.USD.","11-19-2017",22.9132251975042
"xrp_marketcap.USD.","11-20-2017",22.9415330132368
"xrp_marketcap.USD.","11-21-2017",22.9188557456062
"xrp_marketcap.USD.","11-22-2017",22.9457812219024
"xrp_marketcap.USD.","11-23-2017",22.961802955132
"xrp_marketcap.USD.","11-24-2017",22.9672520673875
"xrp_marketcap.USD.","11-25-2017",23.0024052146504
"xrp_marketcap.USD.","11-26-2017",22.9840117515974
"xrp_marketcap.USD.","11-27-2017",23.006836292099
"xrp_marketcap.USD.","11-28-2017",23.1660041001239
"xrp_marketcap.USD.","11-29-2017",22.9764442757801
"xrp_marketcap.USD.","11-30-2017",22.9922207207584
"xrp_marketcap.USD.","12-01-2017",23.0131901190529
"xrp_marketcap.USD.","12-02-2017",23.0126957791335
"xrp_marketcap.USD.","12-03-2017",23.0024267125966
"xrp_marketcap.USD.","12-04-2017",23.0072785256096
"xrp_marketcap.USD.","12-05-2017",22.9753141913976
"xrp_marketcap.USD.","12-06-2017",22.9217818023043
"xrp_marketcap.USD.","12-07-2017",22.8823800178329
"xrp_marketcap.USD.","12-08-2017",23.0024328547821
"xrp_marketcap.USD.","12-09-2017",22.9758546887524
"xrp_marketcap.USD.","12-10-2017",22.9386217110432
"xrp_marketcap.USD.","12-11-2017",23.0028115500076
"xrp_marketcap.USD.","12-12-2017",23.3931017516114
"xrp_marketcap.USD.","12-13-2017",23.6264715528227
"xrp_marketcap.USD.","12-14-2017",24.2313395847843
"xrp_marketcap.USD.","12-15-2017",24.0997298551879
"xrp_marketcap.USD.","12-16-2017",24.0979207293843
"xrp_marketcap.USD.","12-17-2017",24.0627119206642
"xrp_marketcap.USD.","12-18-2017",24.1283755554285
"xrp_marketcap.USD.","12-19-2017",24.1408056178487
"xrp_marketcap.USD.","12-20-2017",24.1348754889559
"xrp_marketcap.USD.","12-21-2017",24.5341305959136
"xrp_marketcap.USD.","12-22-2017",24.5336458525912
"xrp_marketcap.USD.","12-23-2017",24.5418810518797
"xrp_marketcap.USD.","12-24-2017",24.4247159482342
"xrp_marketcap.USD.","12-25-2017",24.4950009617181
"xrp_marketcap.USD.","12-26-2017",24.5492014020603
"xrp_marketcap.USD.","12-27-2017",24.7122165496218
"xrp_marketcap.USD.","12-28-2017",24.7444570993752
"xrp_marketcap.USD.","12-29-2017",25.1681193725213
"xrp_marketcap.USD.","12-30-2017",25.1197203868764
"xrp_marketcap.USD.","12-31-2017",25.2112941566851
"xrp_marketcap.USD.","01-01-2018",25.2427888059644
"xrp_marketcap.USD.","01-02-2018",25.2819438164367
"xrp_marketcap.USD.","01-03-2018",25.5170957841396
"xrp_marketcap.USD.","01-04-2018",25.5742799597695
"xrp_marketcap.USD.","01-05-2018",25.4857217832572
"xrp_marketcap.USD.","01-06-2018",25.5092481077153
"xrp_marketcap.USD.","01-07-2018",25.5931206701536
"xrp_marketcap.USD.","01-08-2018",25.2735309507652
"xrp_marketcap.USD.","01-09-2018",25.1361974547323
"xrp_marketcap.USD.","01-10-2018",25.0633213796404
"xrp_marketcap.USD.","01-11-2018",25.0430513095314
"xrp_marketcap.USD.","01-12-2018",25.0986416538819
"xrp_marketcap.USD.","01-13-2018",25.0824817746154
"xrp_marketcap.USD.","01-14-2018",24.998672830263
"xrp_marketcap.USD.","01-15-2018",24.8979361437064
"xrp_marketcap.USD.","01-16-2018",24.5487435385741
"xrp_marketcap.USD.","01-17-2018",24.6467647416295
"xrp_marketcap.USD.","01-18-2018",24.8389135341267
"xrp_marketcap.USD.","01-19-2018",24.8266196933261
"xrp_marketcap.USD.","01-20-2018",24.8351539407032
"xrp_marketcap.USD.","01-21-2018",24.7105781165163
"xrp_marketcap.USD.","01-22-2018",24.6825788342289
"xrp_marketcap.USD.","01-23-2018",24.6817925851498
"xrp_marketcap.USD.","01-24-2018",24.6899872328367
"xrp_marketcap.USD.","01-25-2018",24.6493179723185
"xrp_marketcap.USD.","01-26-2018",24.5772401500013
"xrp_marketcap.USD.","01-27-2018",24.5821517439614
"xrp_marketcap.USD.","01-28-2018",24.7160260780385
"xrp_marketcap.USD.","01-29-2018",24.6639229453688
"xrp_marketcap.USD.","01-30-2018",24.5029179190022
"xrp_marketcap.USD.","01-31-2018",24.5292947927431
"xrp_marketcap.USD.","02-01-2018",24.3469105276023
"xrp_marketcap.USD.","02-02-2018",24.272765400694
"xrp_marketcap.USD.","02-03-2018",24.2965015280277
"xrp_marketcap.USD.","02-04-2018",24.1958345925479
"xrp_marketcap.USD.","02-05-2018",24.0376772707533
"xrp_marketcap.USD.","02-06-2018",24.1316241842494
"xrp_marketcap.USD.","02-07-2018",24.0713261201954
"xrp_marketcap.USD.","02-08-2018",24.1603385987803
"xrp_marketcap.USD.","02-09-2018",24.3328720789158
"xrp_marketcap.USD.","02-10-2018",24.452219005689
"xrp_marketcap.USD.","02-11-2018",24.3935407957173
"xrp_marketcap.USD.","02-12-2018",24.4637837758628
"xrp_marketcap.USD.","02-13-2018",24.4128075717041
"xrp_marketcap.USD.","02-14-2018",24.5172617769453
"xrp_marketcap.USD.","02-15-2018",24.5224179722542
"xrp_marketcap.USD.","02-16-2018",24.5158339098772
"xrp_marketcap.USD.","02-17-2018",24.5733602457524
"xrp_marketcap.USD.","02-18-2018",24.5032032612036
"xrp_marketcap.USD.","02-19-2018",24.522077590172
"xrp_marketcap.USD.","02-20-2018",24.46586613656
"xrp_marketcap.USD.","02-21-2018",24.3992474706244
"xrp_marketcap.USD.","02-22-2018",24.3189740720475
"xrp_marketcap.USD.","02-23-2018",24.386912094881
"xrp_marketcap.USD.","02-24-2018",24.340039543885
"xrp_marketcap.USD.","02-25-2018",24.3313120626743
"xrp_marketcap.USD.","02-26-2018",24.3477054317222
"xrp_marketcap.USD.","02-27-2018",24.33236317443
"xrp_marketcap.USD.","02-28-2018",24.2884737018535
"xrp_marketcap.USD.","03-01-2018",24.3130622529685
"xrp_marketcap.USD.","03-02-2018",24.2935362893879
"xrp_marketcap.USD.","03-03-2018",24.2904747086768
"xrp_marketcap.USD.","03-04-2018",24.4033744393481
"xrp_marketcap.USD.","03-05-2018",24.3425593866213
"xrp_marketcap.USD.","03-06-2018",24.3105471332939
"xrp_marketcap.USD.","03-07-2018",24.2527977978262
"xrp_marketcap.USD.","03-08-2018",24.198168967024
"xrp_marketcap.USD.","03-09-2018",24.232378468153
"xrp_marketcap.USD.","03-10-2018",24.1607308577791
"xrp_marketcap.USD.","03-11-2018",24.2054132068862
"xrp_marketcap.USD.","03-12-2018",24.1641005116471
"xrp_marketcap.USD.","03-13-2018",24.1529081320979
"xrp_marketcap.USD.","03-14-2018",24.0366551607166
"xrp_marketcap.USD.","03-15-2018",24.0311630174431
"xrp_marketcap.USD.","03-16-2018",24.0148380667474
"xrp_marketcap.USD.","03-17-2018",23.9342062596286
"xrp_marketcap.USD.","03-18-2018",23.991868529997
"xrp_marketcap.USD.","03-19-2018",24.0837419134634
"xrp_marketcap.USD.","03-20-2018",24.0510391151275
"xrp_marketcap.USD.","03-21-2018",24.0227220710546
"xrp_marketcap.USD.","03-22-2018",23.9784273026233
"xrp_marketcap.USD.","03-23-2018",23.9526146283472
"xrp_marketcap.USD.","03-24-2018",23.9408127792412
"xrp_marketcap.USD.","03-25-2018",23.947137163493
"xrp_marketcap.USD.","03-26-2018",23.876787875105
"xrp_marketcap.USD.","03-27-2018",23.8402108136733
"xrp_marketcap.USD.","03-28-2018",23.8406580656275
"xrp_marketcap.USD.","03-29-2018",23.7222827102916
"xrp_marketcap.USD.","03-30-2018",23.7171113316521
"xrp_marketcap.USD.","03-31-2018",23.7234332606655
"xrp_marketcap.USD.","04-01-2018",23.6678363864045
"xrp_marketcap.USD.","04-02-2018",23.6991626826663
"xrp_marketcap.USD.","04-03-2018",23.7996836884117
"xrp_marketcap.USD.","04-04-2018",23.6999936645727
"xrp_marketcap.USD.","04-05-2018",23.6856067734707
"xrp_marketcap.USD.","04-06-2018",23.6486990291498
"xrp_marketcap.USD.","04-07-2018",23.6722733119942
"xrp_marketcap.USD.","04-08-2018",23.6984994410231
"xrp_marketcap.USD.","04-09-2018",23.6802468871195
"xrp_marketcap.USD.","04-10-2018",23.6811248890722
"xrp_marketcap.USD.","04-11-2018",23.7705748647094
"xrp_marketcap.USD.","04-12-2018",23.9280833045636
"xrp_marketcap.USD.","04-13-2018",23.9395823896697
"xrp_marketcap.USD.","04-14-2018",23.9356566796988
"xrp_marketcap.USD.","04-15-2018",24.0076784345332
"xrp_marketcap.USD.","04-16-2018",24.0076784345332
"xrp_marketcap.USD.","04-17-2018",24.0076784345332
"eth_marketcap.USD.","01-01-2017",20.3876532307371
"eth_marketcap.USD.","01-02-2017",20.4126398886392
"eth_marketcap.USD.","01-03-2017",20.5608821924149
"eth_marketcap.USD.","01-04-2017",20.7117993473052
"eth_marketcap.USD.","01-05-2017",20.6192921369928
"eth_marketcap.USD.","01-06-2017",20.6152751988803
"eth_marketcap.USD.","01-07-2017",20.5790108660185
"eth_marketcap.USD.","01-08-2017",20.6230940586999
"eth_marketcap.USD.","01-09-2017",20.6288419642559
"eth_marketcap.USD.","01-10-2017",20.6456501815971
"eth_marketcap.USD.","01-11-2017",20.5650177742993
"eth_marketcap.USD.","01-12-2017",20.5762044684633
"eth_marketcap.USD.","01-13-2017",20.572409225713
"eth_marketcap.USD.","01-14-2017",20.5771261499255
"eth_marketcap.USD.","01-15-2017",20.5829986669653
"eth_marketcap.USD.","01-16-2017",20.5583687878448
"eth_marketcap.USD.","01-17-2017",20.6246370566739
"eth_marketcap.USD.","01-18-2017",20.6195528522527
"eth_marketcap.USD.","01-19-2017",20.6341023275986
"eth_marketcap.USD.","01-20-2017",20.6543497482259
"eth_marketcap.USD.","01-21-2017",20.6839666407134
"eth_marketcap.USD.","01-22-2017",20.6658051421301
"eth_marketcap.USD.","01-23-2017",20.667840861011
"eth_marketcap.USD.","01-24-2017",20.6579472783254
"eth_marketcap.USD.","01-25-2017",20.6534601352024
"eth_marketcap.USD.","01-26-2017",20.655419450851
"eth_marketcap.USD.","01-27-2017",20.6514346555518
"eth_marketcap.USD.","01-28-2017",20.6540090020528
"eth_marketcap.USD.","01-29-2017",20.6479117040414
"eth_marketcap.USD.","01-30-2017",20.6549602292396
"eth_marketcap.USD.","01-31-2017",20.6719399104475
"eth_marketcap.USD.","02-01-2017",20.6717546240795
"eth_marketcap.USD.","02-02-2017",20.6792554315086
"eth_marketcap.USD.","02-03-2017",20.708433377876
"eth_marketcap.USD.","02-04-2017",20.7365768510061
"eth_marketcap.USD.","02-05-2017",20.729178323698
"eth_marketcap.USD.","02-06-2017",20.7358068684407
"eth_marketcap.USD.","02-07-2017",20.746171488018
"eth_marketcap.USD.","02-08-2017",20.7374448381197
"eth_marketcap.USD.","02-09-2017",20.7030233329186
"eth_marketcap.USD.","02-10-2017",20.7253935717125
"eth_marketcap.USD.","02-11-2017",20.7312637680575
"eth_marketcap.USD.","02-12-2017",20.7342849034288
"eth_marketcap.USD.","02-13-2017",20.7260718962769
"eth_marketcap.USD.","02-14-2017",20.870823401304
"eth_marketcap.USD.","02-15-2017",20.8620359833066
"eth_marketcap.USD.","02-16-2017",20.8606423276972
"eth_marketcap.USD.","02-17-2017",20.8461469663222
"eth_marketcap.USD.","02-18-2017",20.8550569661906
"eth_marketcap.USD.","02-19-2017",20.8513159849586
"eth_marketcap.USD.","02-20-2017",20.8179667402704
"eth_marketcap.USD.","02-21-2017",20.8458904664822
"eth_marketcap.USD.","02-22-2017",20.8391893670156
"eth_marketcap.USD.","02-23-2017",20.8812178539564
"eth_marketcap.USD.","02-24-2017",20.876184329371
"eth_marketcap.USD.","02-25-2017",20.9106993056265
"eth_marketcap.USD.","02-26-2017",20.9815989101465
"eth_marketcap.USD.","02-27-2017",21.045059439027
"eth_marketcap.USD.","02-28-2017",21.0707557271327
"eth_marketcap.USD.","03-01-2017",21.1620045218175
"eth_marketcap.USD.","03-02-2017",21.255152119884
"eth_marketcap.USD.","03-03-2017",21.280100618609
"eth_marketcap.USD.","03-04-2017",21.2270849724994
"eth_marketcap.USD.","03-05-2017",21.268701561308
"eth_marketcap.USD.","03-06-2017",21.2843262951288
"eth_marketcap.USD.","03-07-2017",21.2484439689368
"eth_marketcap.USD.","03-08-2017",21.1223774710824
"eth_marketcap.USD.","03-09-2017",21.1867734124484
"eth_marketcap.USD.","03-10-2017",21.2752122905769
"eth_marketcap.USD.","03-11-2017",21.3780151657098
"eth_marketcap.USD.","03-12-2017",21.4691477724902
"eth_marketcap.USD.","03-13-2017",21.6647173644791
"eth_marketcap.USD.","03-14-2017",21.6676229958881
"eth_marketcap.USD.","03-15-2017",21.8784947260334
"eth_marketcap.USD.","03-16-2017",22.1404482135997
"eth_marketcap.USD.","03-17-2017",22.1611630695299
"eth_marketcap.USD.","03-18-2017",21.8844146440814
"eth_marketcap.USD.","03-19-2017",22.1173472997364
"eth_marketcap.USD.","03-20-2017",22.0877286138284
"eth_marketcap.USD.","03-21-2017",22.0791319179384
"eth_marketcap.USD.","03-22-2017",22.0664726182113
"eth_marketcap.USD.","03-23-2017",22.0917093148779
"eth_marketcap.USD.","03-24-2017",22.2972216389348
"eth_marketcap.USD.","03-25-2017",22.2437719841707
"eth_marketcap.USD.","03-26-2017",22.2547400457463
"eth_marketcap.USD.","03-27-2017",22.2233709100369
"eth_marketcap.USD.","03-28-2017",22.2408406216599
"eth_marketcap.USD.","03-29-2017",22.2904807739446
"eth_marketcap.USD.","03-30-2017",22.2646796941538
"eth_marketcap.USD.","03-31-2017",22.2312267940419
"eth_marketcap.USD.","04-01-2017",22.2455541810247
"eth_marketcap.USD.","04-02-2017",22.207374059225
"eth_marketcap.USD.","04-03-2017",22.1019639192572
"eth_marketcap.USD.","04-04-2017",22.1190004978857
"eth_marketcap.USD.","04-05-2017",22.1317936919402
"eth_marketcap.USD.","04-06-2017",22.0786395439253
"eth_marketcap.USD.","04-07-2017",22.0537831825973
"eth_marketcap.USD.","04-08-2017",22.1118101649913
"eth_marketcap.USD.","04-09-2017",22.0892350342717
"eth_marketcap.USD.","04-10-2017",22.0947257091078
"eth_marketcap.USD.","04-11-2017",22.0941749497694
"eth_marketcap.USD.","04-12-2017",22.1579741009822
"eth_marketcap.USD.","04-13-2017",22.234387255138
"eth_marketcap.USD.","04-14-2017",22.1872385744486
"eth_marketcap.USD.","04-15-2017",22.2162013933038
"eth_marketcap.USD.","04-16-2017",22.2087967504804
"eth_marketcap.USD.","04-17-2017",22.2021074736544
"eth_marketcap.USD.","04-18-2017",22.2511161823594
"eth_marketcap.USD.","04-19-2017",22.1988980334185
"eth_marketcap.USD.","04-20-2017",22.2301415370396
"eth_marketcap.USD.","04-21-2017",22.20060903852
"eth_marketcap.USD.","04-22-2017",22.2094145827688
"eth_marketcap.USD.","04-23-2017",22.2153763599016
"eth_marketcap.USD.","04-24-2017",22.2401212460819
"eth_marketcap.USD.","04-25-2017",22.2371549411067
"eth_marketcap.USD.","04-26-2017",22.2938859950284
"eth_marketcap.USD.","04-27-2017",22.4583755864571
"eth_marketcap.USD.","04-28-2017",22.5960659772553
"eth_marketcap.USD.","04-29-2017",22.5556616834689
"eth_marketcap.USD.","04-30-2017",22.702067646957
"eth_marketcap.USD.","05-01-2017",22.6681726256612
"eth_marketcap.USD.","05-02-2017",22.676300545944
"eth_marketcap.USD.","05-03-2017",22.7080504853838
"eth_marketcap.USD.","05-04-2017",22.9018194131227
"eth_marketcap.USD.","05-05-2017",22.8831242470621
"eth_marketcap.USD.","05-06-2017",22.9141313493298
"eth_marketcap.USD.","05-07-2017",22.8714238785928
"eth_marketcap.USD.","05-08-2017",22.8445076944341
"eth_marketcap.USD.","05-09-2017",22.843990866642
"eth_marketcap.USD.","05-10-2017",22.8290535014635
"eth_marketcap.USD.","05-11-2017",22.8255604955033
"eth_marketcap.USD.","05-12-2017",22.8176440195233
"eth_marketcap.USD.","05-13-2017",22.8422141085651
"eth_marketcap.USD.","05-14-2017",22.8415590333012
"eth_marketcap.USD.","05-15-2017",22.8593794936866
"eth_marketcap.USD.","05-16-2017",22.8251437893697
"eth_marketcap.USD.","05-17-2017",22.8320367856267
"eth_marketcap.USD.","05-18-2017",22.9095687674103
"eth_marketcap.USD.","05-19-2017",23.1961505115071
"eth_marketcap.USD.","05-20-2017",23.1833417396039
"eth_marketcap.USD.","05-21-2017",23.3989374639846
"eth_marketcap.USD.","05-22-2017",23.4761619258405
"eth_marketcap.USD.","05-23-2017",23.543435659399
"eth_marketcap.USD.","05-24-2017",23.5824106242037
"eth_marketcap.USD.","05-25-2017",23.502519797055
"eth_marketcap.USD.","05-26-2017",23.4108411848592
"eth_marketcap.USD.","05-27-2017",23.40487623334
"eth_marketcap.USD.","05-28-2017",23.4740306404562
"eth_marketcap.USD.","05-29-2017",23.6138986718701
"eth_marketcap.USD.","05-30-2017",23.7830005504721
"eth_marketcap.USD.","05-31-2017",23.780318960482
"eth_marketcap.USD.","06-01-2017",23.7426658078006
"eth_marketcap.USD.","06-02-2017",23.74824132897
"eth_marketcap.USD.","06-03-2017",23.7514556200489
"eth_marketcap.USD.","06-04-2017",23.8419146140018
"eth_marketcap.USD.","06-05-2017",23.8557293780601
"eth_marketcap.USD.","06-06-2017",23.9171191948283
"eth_marketcap.USD.","06-07-2017",23.8934092959748
"eth_marketcap.USD.","06-08-2017",23.9081711422435
"eth_marketcap.USD.","06-09-2017",23.9830417332868
"eth_marketcap.USD.","06-10-2017",24.1667816928443
"eth_marketcap.USD.","06-11-2017",24.1740562350091
"eth_marketcap.USD.","06-12-2017",24.3226171132192
"eth_marketcap.USD.","06-13-2017",24.327719659058
"eth_marketcap.USD.","06-14-2017",24.2245558834724
"eth_marketcap.USD.","06-15-2017",24.2322946789666
"eth_marketcap.USD.","06-16-2017",24.2564062671489
"eth_marketcap.USD.","06-17-2017",24.2824294670298
"eth_marketcap.USD.","06-18-2017",24.262359653891
"eth_marketcap.USD.","06-19-2017",24.2585278023947
"eth_marketcap.USD.","06-20-2017",24.2291384995467
"eth_marketcap.USD.","06-21-2017",24.1669669981353
"eth_marketcap.USD.","06-22-2017",24.1635525128704
"eth_marketcap.USD.","06-23-2017",24.1789924384042
"eth_marketcap.USD.","06-24-2017",24.1246598659389
"eth_marketcap.USD.","06-25-2017",24.059433910388
"eth_marketcap.USD.","06-26-2017",23.9544535584107
"eth_marketcap.USD.","06-27-2017",24.02674013008
"eth_marketcap.USD.","06-28-2017",24.1408384103248
"eth_marketcap.USD.","06-29-2017",24.0612358375511
"eth_marketcap.USD.","06-30-2017",24.0286642527011
"eth_marketcap.USD.","07-01-2017",23.9647951235787
"eth_marketcap.USD.","07-02-2017",24.0122608321222
"eth_marketcap.USD.","07-03-2017",23.9907413316507
"eth_marketcap.USD.","07-04-2017",23.9582866276231
"eth_marketcap.USD.","07-05-2017",23.9429213577727
"eth_marketcap.USD.","07-06-2017",23.9485530647755
"eth_marketcap.USD.","07-07-2017",23.853996551483
"eth_marketcap.USD.","07-08-2017",23.8783367381952
"eth_marketcap.USD.","07-09-2017",23.8430061748432
"eth_marketcap.USD.","07-10-2017",23.7045086433376
"eth_marketcap.USD.","07-11-2017",23.6343983686343
"eth_marketcap.USD.","07-12-2017",23.7966024631858
"eth_marketcap.USD.","07-13-2017",23.6957960115425
"eth_marketcap.USD.","07-14-2017",23.6480497568753
"eth_marketcap.USD.","07-15-2017",23.4847367345773
"eth_marketcap.USD.","07-16-2017",23.4268192760856
"eth_marketcap.USD.","07-17-2017",23.6250939417991
"eth_marketcap.USD.","07-18-2017",23.8115453860885
"eth_marketcap.USD.","07-19-2017",23.6775404973508
"eth_marketcap.USD.","07-20-2017",23.7735383777615
"eth_marketcap.USD.","07-21-2017",23.736842940208
"eth_marketcap.USD.","07-22-2017",23.7875115337371
"eth_marketcap.USD.","07-23-2017",23.775307552955
"eth_marketcap.USD.","07-24-2017",23.7670832643037
"eth_marketcap.USD.","07-25-2017",23.6871668281307
"eth_marketcap.USD.","07-26-2017",23.6766019609814
"eth_marketcap.USD.","07-27-2017",23.6742674454035
"eth_marketcap.USD.","07-28-2017",23.6192772177874
"eth_marketcap.USD.","07-29-2017",23.6865214053176
"eth_marketcap.USD.","07-30-2017",23.6406040430724
"eth_marketcap.USD.","07-31-2017",23.6770869814217
"eth_marketcap.USD.","08-01-2017",23.7808079120667
"eth_marketcap.USD.","08-02-2017",23.7505016225093
"eth_marketcap.USD.","08-03-2017",23.7737514121532
"eth_marketcap.USD.","08-04-2017",23.7630149959172
"eth_marketcap.USD.","08-05-2017",23.9035463530552
"eth_marketcap.USD.","08-06-2017",23.9223878333278
"eth_marketcap.USD.","08-07-2017",23.9522741542932
"eth_marketcap.USD.","08-08-2017",24.0532786614179
"eth_marketcap.USD.","08-09-2017",24.0512543293382
"eth_marketcap.USD.","08-10-2017",24.043144697431
"eth_marketcap.USD.","08-11-2017",24.0905168383419
"eth_marketcap.USD.","08-12-2017",24.0961014662835
"eth_marketcap.USD.","08-13-2017",24.0557810131456
"eth_marketcap.USD.","08-14-2017",24.0624388676282
"eth_marketcap.USD.","08-15-2017",24.0283083488208
"eth_marketcap.USD.","08-16-2017",24.0723801387383
"eth_marketcap.USD.","08-17-2017",24.0689575558698
"eth_marketcap.USD.","08-18-2017",24.0507413257628
"eth_marketcap.USD.","08-19-2017",24.052541060949
"eth_marketcap.USD.","08-20-2017",24.0656151427994
"eth_marketcap.USD.","08-21-2017",24.1320973377601
"eth_marketcap.USD.","08-22-2017",24.1141401182855
"eth_marketcap.USD.","08-23-2017",24.1212781516638
"eth_marketcap.USD.","08-24-2017",24.1484368736239
"eth_marketcap.USD.","08-25-2017",24.1665100626942
"eth_marketcap.USD.","08-26-2017",24.1738087840697
"eth_marketcap.USD.","08-27-2017",24.2198552132478
"eth_marketcap.USD.","08-28-2017",24.214096710404
"eth_marketcap.USD.","08-29-2017",24.2742730620517
"eth_marketcap.USD.","08-30-2017",24.298458541656
"eth_marketcap.USD.","08-31-2017",24.311852468483
"eth_marketcap.USD.","09-01-2017",24.3233468637015
"eth_marketcap.USD.","09-02-2017",24.2215838797142
"eth_marketcap.USD.","09-03-2017",24.2129013550704
"eth_marketcap.USD.","09-04-2017",24.0590354132861
"eth_marketcap.USD.","09-05-2017",24.1123602725408
"eth_marketcap.USD.","09-06-2017",24.1734914496759
"eth_marketcap.USD.","09-07-2017",24.1619901904993
"eth_marketcap.USD.","09-08-2017",24.0551310038369
"eth_marketcap.USD.","09-09-2017",24.048201133146
"eth_marketcap.USD.","09-10-2017",24.03360444989
"eth_marketcap.USD.","09-11-2017",24.0505224119691
"eth_marketcap.USD.","09-12-2017",24.0387491815277
"eth_marketcap.USD.","09-13-2017",23.9877305167812
"eth_marketcap.USD.","09-14-2017",23.7370786676493
"eth_marketcap.USD.","09-15-2017",23.8905367399289
"eth_marketcap.USD.","09-16-2017",23.8705382429549
"eth_marketcap.USD.","09-17-2017",23.8963573754645
"eth_marketcap.USD.","09-18-2017",24.0486363340736
"eth_marketcap.USD.","09-19-2017",24.0083937140189
"eth_marketcap.USD.","09-20-2017",24.0130101066471
"eth_marketcap.USD.","09-21-2017",23.9202395521469
"eth_marketcap.USD.","09-22-2017",23.9452209160414
"eth_marketcap.USD.","09-23-2017",24.023902277654
"eth_marketcap.USD.","09-24-2017",24.0100058966307
"eth_marketcap.USD.","09-25-2017",24.0454200112681
"eth_marketcap.USD.","09-26-2017",24.0271957913111
"eth_marketcap.USD.","09-27-2017",24.092927830875
"eth_marketcap.USD.","09-28-2017",24.0688060303066
"eth_marketcap.USD.","09-29-2017",24.0430796123322
"eth_marketcap.USD.","09-30-2017",24.0772038821243
"eth_marketcap.USD.","10-01-2017",24.0804590831105
"eth_marketcap.USD.","10-02-2017",24.0639521320134
"eth_marketcap.USD.","10-03-2017",24.0480896049032
"eth_marketcap.USD.","10-04-2017",24.0483162460287
"eth_marketcap.USD.","10-05-2017",24.0565804450206
"eth_marketcap.USD.","10-06-2017",24.1022312428335
"eth_marketcap.USD.","10-07-2017",24.1093800371875
"eth_marketcap.USD.","10-08-2017",24.101818757124
"eth_marketcap.USD.","10-09-2017",24.0654701816999
"eth_marketcap.USD.","10-10-2017",24.0775917126368
"eth_marketcap.USD.","10-11-2017",24.0854174234896
"eth_marketcap.USD.","10-12-2017",24.0874914413688
"eth_marketcap.USD.","10-13-2017",24.1959276998169
"eth_marketcap.USD.","10-14-2017",24.1980884552166
"eth_marketcap.USD.","10-15-2017",24.1899138236711
"eth_marketcap.USD.","10-16-2017",24.1804559533085
"eth_marketcap.USD.","10-17-2017",24.1297989581981
"eth_marketcap.USD.","10-18-2017",24.1223910731974
"eth_marketcap.USD.","10-19-2017",24.1017505612792
"eth_marketcap.USD.","10-20-2017",24.0873357796939
"eth_marketcap.USD.","10-21-2017",24.0775393118968
"eth_marketcap.USD.","10-22-2017",24.0594410249647
"eth_marketcap.USD.","10-23-2017",24.0322565512569
"eth_marketcap.USD.","10-24-2017",24.0711327628969
"eth_marketcap.USD.","10-25-2017",24.0699507130288
"eth_marketcap.USD.","10-26-2017",24.0650705459644
"eth_marketcap.USD.","10-27-2017",24.0700211122628
"eth_marketcap.USD.","10-28-2017",24.0650740832643
"eth_marketcap.USD.","10-29-2017",24.0932339552568
"eth_marketcap.USD.","10-30-2017",24.1019278608033
"eth_marketcap.USD.","10-31-2017",24.0968727446041
"eth_marketcap.USD.","11-01-2017",24.0466530170377
"eth_marketcap.USD.","11-02-2017",24.0391739942261
"eth_marketcap.USD.","11-03-2017",24.0965882978425
"eth_marketcap.USD.","11-04-2017",24.0788205957298
"eth_marketcap.USD.","11-05-2017",24.0669294402105
"eth_marketcap.USD.","11-06-2017",24.074337663201
"eth_marketcap.USD.","11-07-2017",24.0600562443739
"eth_marketcap.USD.","11-08-2017",24.1079611385091
"eth_marketcap.USD.","11-09-2017",24.1463942980967
"eth_marketcap.USD.","11-10-2017",24.0752519657938
"eth_marketcap.USD.","11-11-2017",24.1279969675567
"eth_marketcap.USD.","11-12-2017",24.1035459703532
"eth_marketcap.USD.","11-13-2017",24.1349843436235
"eth_marketcap.USD.","11-14-2017",24.1999787710847
"eth_marketcap.USD.","11-15-2017",24.1867272801228
"eth_marketcap.USD.","11-16-2017",24.1770651563488
"eth_marketcap.USD.","11-17-2017",24.1827541390689
"eth_marketcap.USD.","11-18-2017",24.2283696776382
"eth_marketcap.USD.","11-19-2017",24.2476656170293
"eth_marketcap.USD.","11-20-2017",24.2848856185901
"eth_marketcap.USD.","11-21-2017",24.2654997107189
"eth_marketcap.USD.","11-22-2017",24.3226936663594
"eth_marketcap.USD.","11-23-2017",24.4011930334462
"eth_marketcap.USD.","11-24-2017",24.543905741492
"eth_marketcap.USD.","11-25-2017",24.5235099954474
"eth_marketcap.USD.","11-26-2017",24.5355789982255
"eth_marketcap.USD.","11-27-2017",24.5546686346466
"eth_marketcap.USD.","11-28-2017",24.5397048250802
"eth_marketcap.USD.","11-29-2017",24.4468341160884
"eth_marketcap.USD.","11-30-2017",24.4789858479792
"eth_marketcap.USD.","12-01-2017",24.5266630013398
"eth_marketcap.USD.","12-02-2017",24.5201136533283
"eth_marketcap.USD.","12-03-2017",24.5253779896179
"eth_marketcap.USD.","12-04-2017",24.5346460695358
"eth_marketcap.USD.","12-05-2017",24.5183751787048
"eth_marketcap.USD.","12-06-2017",24.4370232523262
"eth_marketcap.USD.","12-07-2017",24.4572572704227
"eth_marketcap.USD.","12-08-2017",24.5075827354935
"eth_marketcap.USD.","12-09-2017",24.5410089316607
"eth_marketcap.USD.","12-10-2017",24.470161808846
"eth_marketcap.USD.","12-11-2017",24.6410004997599
"eth_marketcap.USD.","12-12-2017",24.8521019989538
"eth_marketcap.USD.","12-13-2017",24.9351400693973
"eth_marketcap.USD.","12-14-2017",24.9293142532471
"eth_marketcap.USD.","12-15-2017",24.914800628753
"eth_marketcap.USD.","12-16-2017",24.9295452564055
"eth_marketcap.USD.","12-17-2017",24.9657200112923
"eth_marketcap.USD.","12-18-2017",25.0612386980232
"eth_marketcap.USD.","12-19-2017",25.102922164661
"eth_marketcap.USD.","12-20-2017",25.0942985088728
"eth_marketcap.USD.","12-21-2017",25.0974417350756
"eth_marketcap.USD.","12-22-2017",24.9091574466577
"eth_marketcap.USD.","12-23-2017",24.9670528698964
"eth_marketcap.USD.","12-24-2017",24.9350244778798
"eth_marketcap.USD.","12-25-2017",25.0235101266549
"eth_marketcap.USD.","12-26-2017",25.038806722531
"eth_marketcap.USD.","12-27-2017",25.0224148117645
"eth_marketcap.USD.","12-28-2017",24.9935826752052
"eth_marketcap.USD.","12-29-2017",25.0117630802706
"eth_marketcap.USD.","12-30-2017",24.9552076815162
"eth_marketcap.USD.","12-31-2017",25.0147630955403
"eth_marketcap.USD.","01-01-2018",25.0366883638407
"eth_marketcap.USD.","01-02-2018",25.1741595018562
"eth_marketcap.USD.","01-03-2018",25.2563963718677
"eth_marketcap.USD.","01-04-2018",25.2710600560198
"eth_marketcap.USD.","01-05-2018",25.2910092996187
"eth_marketcap.USD.","01-06-2018",25.3381982172792
"eth_marketcap.USD.","01-07-2018",25.4432279229349
"eth_marketcap.USD.","01-08-2018",25.4327870292092
"eth_marketcap.USD.","01-09-2018",25.5593572495645
"eth_marketcap.USD.","01-10-2018",25.5344659682918
"eth_marketcap.USD.","01-11-2018",25.4441101697806
"eth_marketcap.USD.","01-12-2018",25.536774518264
"eth_marketcap.USD.","01-13-2018",25.6322596172425
"eth_marketcap.USD.","01-14-2018",25.6091236914733
"eth_marketcap.USD.","01-15-2018",25.5546867419994
"eth_marketcap.USD.","01-16-2018",25.3577423661265
"eth_marketcap.USD.","01-17-2018",25.3147639851136
"eth_marketcap.USD.","01-18-2018",25.3270740959328
"eth_marketcap.USD.","01-19-2018",25.3428417602421
"eth_marketcap.USD.","01-20-2018",25.4437805322452
"eth_marketcap.USD.","01-21-2018",25.3531676591537
"eth_marketcap.USD.","01-22-2018",25.303674983003
"eth_marketcap.USD.","01-23-2018",25.2871211986603
"eth_marketcap.USD.","01-24-2018",25.3612419746597
"eth_marketcap.USD.","01-25-2018",25.3515078105023
"eth_marketcap.USD.","01-26-2018",25.3546007222051
"eth_marketcap.USD.","01-27-2018",25.4065260561488
"eth_marketcap.USD.","01-28-2018",25.5212770555186
"eth_marketcap.USD.","01-29-2018",25.469996347251
"eth_marketcap.USD.","01-30-2018",25.3698754268184
"eth_marketcap.USD.","01-31-2018",25.4141732552131
"eth_marketcap.USD.","02-01-2018",25.3367612716805
"eth_marketcap.USD.","02-02-2018",25.2175893748232
"eth_marketcap.USD.","02-03-2018",25.2660647516135
"eth_marketcap.USD.","02-04-2018",25.1218717723215
"eth_marketcap.USD.","02-05-2018",24.956773611616
"eth_marketcap.USD.","02-06-2018",25.0674867568844
"eth_marketcap.USD.","02-07-2018",25.0229551541755
"eth_marketcap.USD.","02-08-2018",25.1027805694339
"eth_marketcap.USD.","02-09-2018",25.1782594359292
"eth_marketcap.USD.","02-10-2018",25.1518539636678
"eth_marketcap.USD.","02-11-2018",25.1022177495032
"eth_marketcap.USD.","02-12-2018",25.1638467163904
"eth_marketcap.USD.","02-13-2018",25.1348585553887
"eth_marketcap.USD.","02-14-2018",25.2249992113265
"eth_marketcap.USD.","02-15-2018",25.2371109918661
"eth_marketcap.USD.","02-16-2018",25.24791986987
"eth_marketcap.USD.","02-17-2018",25.2779539783422
"eth_marketcap.USD.","02-18-2018",25.2236053668763
"eth_marketcap.USD.","02-19-2018",25.2472964639394
"eth_marketcap.USD.","02-20-2018",25.1936947558498
"eth_marketcap.USD.","02-21-2018",25.1424172398147
"eth_marketcap.USD.","02-22-2018",25.0972464389399
"eth_marketcap.USD.","02-23-2018",25.1572526061205
"eth_marketcap.USD.","02-24-2018",25.1314364694657
"eth_marketcap.USD.","02-25-2018",25.1385507330959
"eth_marketcap.USD.","02-26-2018",25.1680066734489
"eth_marketcap.USD.","02-27-2018",25.1768733247254
"eth_marketcap.USD.","02-28-2018",25.1517966916759
"eth_marketcap.USD.","03-01-2018",25.1702383316591
"eth_marketcap.USD.","03-02-2018",25.1530308924253
"eth_marketcap.USD.","03-03-2018",25.1526268146915
"eth_marketcap.USD.","03-04-2018",25.1652074299204
"eth_marketcap.USD.","03-05-2018",25.1502706173663
"eth_marketcap.USD.","03-06-2018",25.1055086982416
"eth_marketcap.USD.","03-07-2018",25.0244673746267
"eth_marketcap.USD.","03-08-2018",24.9553935734786
"eth_marketcap.USD.","03-09-2018",24.9946499752751
"eth_marketcap.USD.","03-10-2018",24.9314701934122
"eth_marketcap.USD.","03-11-2018",24.9871562486006
"eth_marketcap.USD.","03-12-2018",24.9504498858146
"eth_marketcap.USD.","03-13-2018",24.9406772287452
"eth_marketcap.USD.","03-14-2018",24.8237879454441
"eth_marketcap.USD.","03-15-2018",24.81900442706
"eth_marketcap.USD.","03-16-2018",24.8025678248232
"eth_marketcap.USD.","03-17-2018",24.7159485904088
"eth_marketcap.USD.","03-18-2018",24.7070251472045
"eth_marketcap.USD.","03-19-2018",24.7255334867173
"eth_marketcap.USD.","03-20-2018",24.7300042999121
"eth_marketcap.USD.","03-21-2018",24.7355648538206
"eth_marketcap.USD.","03-22-2018",24.6954069830099
"eth_marketcap.USD.","03-23-2018",24.7006158026123
"eth_marketcap.USD.","03-24-2018",24.6635186064963
"eth_marketcap.USD.","03-25-2018",24.6667487489928
"eth_marketcap.USD.","03-26-2018",24.5984858441916
"eth_marketcap.USD.","03-27-2018",24.515017713981
"eth_marketcap.USD.","03-28-2018",24.5102923521999
"eth_marketcap.USD.","03-29-2018",24.3611309051426
"eth_marketcap.USD.","03-30-2018",24.3846430476513
"eth_marketcap.USD.","03-31-2018",24.3905308734629
"eth_marketcap.USD.","04-01-2018",24.3455379647537
"eth_marketcap.USD.","04-02-2018",24.3655986084032
"eth_marketcap.USD.","04-03-2018",24.4384244492994
"eth_marketcap.USD.","04-04-2018",24.3468117873412
"eth_marketcap.USD.","04-05-2018",24.3543201844419
"eth_marketcap.USD.","04-06-2018",24.3217253843551
"eth_marketcap.USD.","04-07-2018",24.3625715699904
"eth_marketcap.USD.","04-08-2018",24.4012132534908
"eth_marketcap.USD.","04-09-2018",24.3978029293445
"eth_marketcap.USD.","04-10-2018",24.4363548601747
"eth_marketcap.USD.","04-11-2018",24.4723839560521
"eth_marketcap.USD.","04-12-2018",24.6092610388133
"eth_marketcap.USD.","04-13-2018",24.6082957857907
"eth_marketcap.USD.","04-14-2018",24.6291963205976
"eth_marketcap.USD.","04-15-2018",24.6858336567208
"eth_marketcap.USD.","04-16-2018",24.6459122140117
"eth_marketcap.USD.","04-17-2018",24.6306701928145
"ltc_marketcap.USD.","01-01-2017",19.218881393036
"ltc_marketcap.USD.","01-02-2017",19.2486996684645
"ltc_marketcap.USD.","01-03-2017",19.244220019695
"ltc_marketcap.USD.","01-04-2017",19.3033319587823
"ltc_marketcap.USD.","01-05-2017",19.1706287744339
"ltc_marketcap.USD.","01-06-2017",19.0632869786186
"ltc_marketcap.USD.","01-07-2017",19.0880279490219
"ltc_marketcap.USD.","01-08-2017",19.0978408088849
"ltc_marketcap.USD.","01-09-2017",19.1714220767378
"ltc_marketcap.USD.","01-10-2017",19.2383305552585
"ltc_marketcap.USD.","01-11-2017",19.0578288383922
"ltc_marketcap.USD.","01-12-2017",19.0868882892564
"ltc_marketcap.USD.","01-13-2017",19.0729382193664
"ltc_marketcap.USD.","01-14-2017",19.0722712852066
"ltc_marketcap.USD.","01-15-2017",19.0810980998894
"ltc_marketcap.USD.","01-16-2017",19.0772365516123
"ltc_marketcap.USD.","01-17-2017",19.0868574696078
"ltc_marketcap.USD.","01-18-2017",19.0613866029726
"ltc_marketcap.USD.","01-19-2017",19.0661753630275
"ltc_marketcap.USD.","01-20-2017",19.075128675373
"ltc_marketcap.USD.","01-21-2017",19.0779571938965
"ltc_marketcap.USD.","01-22-2017",19.0663012118518
"ltc_marketcap.USD.","01-23-2017",19.0611705422851
"ltc_marketcap.USD.","01-24-2017",19.0499558479179
"ltc_marketcap.USD.","01-25-2017",19.0297558598723
"ltc_marketcap.USD.","01-26-2017",19.0633185333187
"ltc_marketcap.USD.","01-27-2017",19.0671136042872
"ltc_marketcap.USD.","01-28-2017",19.0671188433866
"ltc_marketcap.USD.","01-29-2017",19.0683858990657
"ltc_marketcap.USD.","01-30-2017",19.1093981274329
"ltc_marketcap.USD.","01-31-2017",19.124411718052
"ltc_marketcap.USD.","02-01-2017",19.1245057134759
"ltc_marketcap.USD.","02-02-2017",19.1264035192141
"ltc_marketcap.USD.","02-03-2017",19.1273708043277
"ltc_marketcap.USD.","02-04-2017",19.1229065884455
"ltc_marketcap.USD.","02-05-2017",19.1214240011339
"ltc_marketcap.USD.","02-06-2017",19.120565178165
"ltc_marketcap.USD.","02-07-2017",19.1199392124932
"ltc_marketcap.USD.","02-08-2017",19.1152668887066
"ltc_marketcap.USD.","02-09-2017",19.05715703887
"ltc_marketcap.USD.","02-10-2017",19.0511490065738
"ltc_marketcap.USD.","02-11-2017",19.0563524015751
"ltc_marketcap.USD.","02-12-2017",19.0493214028628
"ltc_marketcap.USD.","02-13-2017",19.0354392648136
"ltc_marketcap.USD.","02-14-2017",19.0501263863401
"ltc_marketcap.USD.","02-15-2017",19.0577177845707
"ltc_marketcap.USD.","02-16-2017",19.0531539264769
"ltc_marketcap.USD.","02-17-2017",19.0665004401051
"ltc_marketcap.USD.","02-18-2017",19.0575167986813
"ltc_marketcap.USD.","02-19-2017",19.0514843261018
"ltc_marketcap.USD.","02-20-2017",19.050451394668
"ltc_marketcap.USD.","02-21-2017",19.0570512025246
"ltc_marketcap.USD.","02-22-2017",19.0605906365299
"ltc_marketcap.USD.","02-23-2017",19.0689665326003
"ltc_marketcap.USD.","02-24-2017",19.0747959935386
"ltc_marketcap.USD.","02-25-2017",19.0656088472417
"ltc_marketcap.USD.","02-26-2017",19.0652782314274
"ltc_marketcap.USD.","02-27-2017",19.0630502866248
"ltc_marketcap.USD.","02-28-2017",19.0552608719477
"ltc_marketcap.USD.","03-01-2017",19.0614024104585
"ltc_marketcap.USD.","03-02-2017",19.0943596413169
"ltc_marketcap.USD.","03-03-2017",19.0922467164787
"ltc_marketcap.USD.","03-04-2017",19.079940165845
"ltc_marketcap.USD.","03-05-2017",19.0825745873571
"ltc_marketcap.USD.","03-06-2017",19.0884639616167
"ltc_marketcap.USD.","03-07-2017",19.0662749946528
"ltc_marketcap.USD.","03-08-2017",19.0556902077824
"ltc_marketcap.USD.","03-09-2017",19.072266073032
"ltc_marketcap.USD.","03-10-2017",19.0542265290212
"ltc_marketcap.USD.","03-11-2017",19.0618712522436
"ltc_marketcap.USD.","03-12-2017",19.078091932659
"ltc_marketcap.USD.","03-13-2017",19.159814161349
"ltc_marketcap.USD.","03-14-2017",19.1292041028556
"ltc_marketcap.USD.","03-15-2017",19.1540289262565
"ltc_marketcap.USD.","03-16-2017",19.1748383542482
"ltc_marketcap.USD.","03-17-2017",19.1285539622151
"ltc_marketcap.USD.","03-18-2017",19.1078148823552
"ltc_marketcap.USD.","03-19-2017",19.1065766977981
"ltc_marketcap.USD.","03-20-2017",19.1283371547049
"ltc_marketcap.USD.","03-21-2017",19.1164295373809
"ltc_marketcap.USD.","03-22-2017",19.10268102806
"ltc_marketcap.USD.","03-23-2017",19.113447852294
"ltc_marketcap.USD.","03-24-2017",19.138686377009
"ltc_marketcap.USD.","03-25-2017",19.1371684038702
"ltc_marketcap.USD.","03-26-2017",19.137510270858
"ltc_marketcap.USD.","03-27-2017",19.1385790719748
"ltc_marketcap.USD.","03-28-2017",19.1565425269198
"ltc_marketcap.USD.","03-29-2017",19.1655993545748
"ltc_marketcap.USD.","03-30-2017",19.6844119126491
"ltc_marketcap.USD.","03-31-2017",19.6312100076475
"ltc_marketcap.USD.","04-01-2017",19.6625531969023
"ltc_marketcap.USD.","04-02-2017",19.7837115958271
"ltc_marketcap.USD.","04-03-2017",19.83116271212
"ltc_marketcap.USD.","04-04-2017",19.8472337409358
"ltc_marketcap.USD.","04-05-2017",20.1466707124761
"ltc_marketcap.USD.","04-06-2017",20.0626497360609
"ltc_marketcap.USD.","04-07-2017",19.9721250703579
"ltc_marketcap.USD.","04-08-2017",20.0298926308446
"ltc_marketcap.USD.","04-09-2017",19.904503277856
"ltc_marketcap.USD.","04-10-2017",19.9263901416238
"ltc_marketcap.USD.","04-11-2017",19.9175768614001
"ltc_marketcap.USD.","04-12-2017",20.1158393674918
"ltc_marketcap.USD.","04-13-2017",20.0554705637894
"ltc_marketcap.USD.","04-14-2017",20.0763875495837
"ltc_marketcap.USD.","04-15-2017",20.1149431438754
"ltc_marketcap.USD.","04-16-2017",20.1011808520113
"ltc_marketcap.USD.","04-17-2017",20.084720471578
"ltc_marketcap.USD.","04-18-2017",20.0749447836567
"ltc_marketcap.USD.","04-19-2017",20.0072204828269
"ltc_marketcap.USD.","04-20-2017",20.0734941878544
"ltc_marketcap.USD.","04-21-2017",20.1562824749682
"ltc_marketcap.USD.","04-22-2017",20.31269421275
"ltc_marketcap.USD.","04-23-2017",20.3795042977936
"ltc_marketcap.USD.","04-24-2017",20.4499757019416
"ltc_marketcap.USD.","04-25-2017",20.4653380168902
"ltc_marketcap.USD.","04-26-2017",20.4415287248142
"ltc_marketcap.USD.","04-27-2017",20.4247695005587
"ltc_marketcap.USD.","04-28-2017",20.4114672859072
"ltc_marketcap.USD.","04-29-2017",20.4985497999243
"ltc_marketcap.USD.","04-30-2017",20.4991405538913
"ltc_marketcap.USD.","05-01-2017",20.5130051934632
"ltc_marketcap.USD.","05-02-2017",20.5103782628401
"ltc_marketcap.USD.","05-03-2017",20.7926426347242
"ltc_marketcap.USD.","05-04-2017",20.9020896169786
"ltc_marketcap.USD.","05-05-2017",21.0225330418486
"ltc_marketcap.USD.","05-06-2017",21.0863104513928
"ltc_marketcap.USD.","05-07-2017",21.1607850134056
"ltc_marketcap.USD.","05-08-2017",21.1136240754111
"ltc_marketcap.USD.","05-09-2017",21.2533468794938
"ltc_marketcap.USD.","05-10-2017",21.2341894559107
"ltc_marketcap.USD.","05-11-2017",21.1802095556034
"ltc_marketcap.USD.","05-12-2017",21.0526774919358
"ltc_marketcap.USD.","05-13-2017",21.1195018207361
"ltc_marketcap.USD.","05-14-2017",21.113075705444
"ltc_marketcap.USD.","05-15-2017",20.9820158856899
"ltc_marketcap.USD.","05-16-2017",20.8959999137155
"ltc_marketcap.USD.","05-17-2017",20.9757429224128
"ltc_marketcap.USD.","05-18-2017",21.0929724980015
"ltc_marketcap.USD.","05-19-2017",21.0715890016672
"ltc_marketcap.USD.","05-20-2017",21.0644483911546
"ltc_marketcap.USD.","05-21-2017",21.0149498907775
"ltc_marketcap.USD.","05-22-2017",20.9826795991136
"ltc_marketcap.USD.","05-23-2017",21.2215592596991
"ltc_marketcap.USD.","05-24-2017",21.2923509348296
"ltc_marketcap.USD.","05-25-2017",21.164535573619
"ltc_marketcap.USD.","05-26-2017",20.9057290503733
"ltc_marketcap.USD.","05-27-2017",20.9314906553133
"ltc_marketcap.USD.","05-28-2017",20.9448962440351
"ltc_marketcap.USD.","05-29-2017",20.9852146305024
"ltc_marketcap.USD.","05-30-2017",20.9441989470345
"ltc_marketcap.USD.","05-31-2017",20.9868140156954
"ltc_marketcap.USD.","06-01-2017",21.1183236431394
"ltc_marketcap.USD.","06-02-2017",21.1234302545175
"ltc_marketcap.USD.","06-03-2017",21.0748166750496
"ltc_marketcap.USD.","06-04-2017",21.0908629166107
"ltc_marketcap.USD.","06-05-2017",21.1845755332405
"ltc_marketcap.USD.","06-06-2017",21.1759643425358
"ltc_marketcap.USD.","06-07-2017",21.1019488176144
"ltc_marketcap.USD.","06-08-2017",21.1638599653046
"ltc_marketcap.USD.","06-09-2017",21.1472713381597
"ltc_marketcap.USD.","06-10-2017",21.1746153041572
"ltc_marketcap.USD.","06-11-2017",21.2606126443497
"ltc_marketcap.USD.","06-12-2017",21.1415879385571
"ltc_marketcap.USD.","06-13-2017",21.1833580095834
"ltc_marketcap.USD.","06-14-2017",21.1664569519472
"ltc_marketcap.USD.","06-15-2017",21.1688358825509
"ltc_marketcap.USD.","06-16-2017",21.3472612048175
"ltc_marketcap.USD.","06-17-2017",21.6184514136031
"ltc_marketcap.USD.","06-18-2017",21.591411996212
"ltc_marketcap.USD.","06-19-2017",21.679772939988
"ltc_marketcap.USD.","06-20-2017",21.6163329766911
"ltc_marketcap.USD.","06-21-2017",21.6254982115695
"ltc_marketcap.USD.","06-22-2017",21.6263821662291
"ltc_marketcap.USD.","06-23-2017",21.6160832126349
"ltc_marketcap.USD.","06-24-2017",21.5562532176889
"ltc_marketcap.USD.","06-25-2017",21.546278323239
"ltc_marketcap.USD.","06-26-2017",21.4782604208324
"ltc_marketcap.USD.","06-27-2017",21.4708396478657
"ltc_marketcap.USD.","06-28-2017",21.5192899516272
"ltc_marketcap.USD.","06-29-2017",21.4769764609808
"ltc_marketcap.USD.","06-30-2017",21.4615632317552
"ltc_marketcap.USD.","07-01-2017",21.4251596539129
"ltc_marketcap.USD.","07-02-2017",21.4883429050693
"ltc_marketcap.USD.","07-03-2017",21.6042443674739
"ltc_marketcap.USD.","07-04-2017",21.7760540582276
"ltc_marketcap.USD.","07-05-2017",21.7380181414027
"ltc_marketcap.USD.","07-06-2017",21.6981650419273
"ltc_marketcap.USD.","07-07-2017",21.6070994906319
"ltc_marketcap.USD.","07-08-2017",21.7231437566268
"ltc_marketcap.USD.","07-09-2017",21.6753985034018
"ltc_marketcap.USD.","07-10-2017",21.6000711806439
"ltc_marketcap.USD.","07-11-2017",21.578089592323
"ltc_marketcap.USD.","07-12-2017",21.6522042486539
"ltc_marketcap.USD.","07-13-2017",21.6027556456127
"ltc_marketcap.USD.","07-14-2017",21.5232744062904
"ltc_marketcap.USD.","07-15-2017",21.4284156962975
"ltc_marketcap.USD.","07-16-2017",21.4853605546324
"ltc_marketcap.USD.","07-17-2017",21.5199123021478
"ltc_marketcap.USD.","07-18-2017",21.5598854587627
"ltc_marketcap.USD.","07-19-2017",21.4806405527928
"ltc_marketcap.USD.","07-20-2017",21.5766508472733
"ltc_marketcap.USD.","07-21-2017",21.5924733469958
"ltc_marketcap.USD.","07-22-2017",21.6112887728717
"ltc_marketcap.USD.","07-23-2017",21.5572048641306
"ltc_marketcap.USD.","07-24-2017",21.5647769865719
"ltc_marketcap.USD.","07-25-2017",21.5144467577777
"ltc_marketcap.USD.","07-26-2017",21.5162674022089
"ltc_marketcap.USD.","07-27-2017",21.5133219186744
"ltc_marketcap.USD.","07-28-2017",21.4735728202342
"ltc_marketcap.USD.","07-29-2017",21.4891847401334
"ltc_marketcap.USD.","07-30-2017",21.4687872274941
"ltc_marketcap.USD.","07-31-2017",21.533355700165
"ltc_marketcap.USD.","08-01-2017",21.5349291177386
"ltc_marketcap.USD.","08-02-2017",21.5145328828087
"ltc_marketcap.USD.","08-03-2017",21.5312762390958
"ltc_marketcap.USD.","08-04-2017",21.5452854490064
"ltc_marketcap.USD.","08-05-2017",21.619961839912
"ltc_marketcap.USD.","08-06-2017",21.5838493368009
"ltc_marketcap.USD.","08-07-2017",21.6000795028117
"ltc_marketcap.USD.","08-08-2017",21.6572982502967
"ltc_marketcap.USD.","08-09-2017",21.6464527355084
"ltc_marketcap.USD.","08-10-2017",21.6119098972913
"ltc_marketcap.USD.","08-11-2017",21.6260092164352
"ltc_marketcap.USD.","08-12-2017",21.6159849277068
"ltc_marketcap.USD.","08-13-2017",21.6003457756181
"ltc_marketcap.USD.","08-14-2017",21.6002001664619
"ltc_marketcap.USD.","08-15-2017",21.5455359571657
"ltc_marketcap.USD.","08-16-2017",21.563970581864
"ltc_marketcap.USD.","08-17-2017",21.5582467253361
"ltc_marketcap.USD.","08-18-2017",21.6279656529434
"ltc_marketcap.USD.","08-19-2017",21.5919113489522
"ltc_marketcap.USD.","08-20-2017",21.6099753263272
"ltc_marketcap.USD.","08-21-2017",21.6465083491052
"ltc_marketcap.USD.","08-22-2017",21.621836491511
"ltc_marketcap.USD.","08-23-2017",21.7450654734682
"ltc_marketcap.USD.","08-24-2017",21.6938515536244
"ltc_marketcap.USD.","08-25-2017",21.7137582508691
"ltc_marketcap.USD.","08-26-2017",21.7264642737698
"ltc_marketcap.USD.","08-27-2017",21.8961194222135
"ltc_marketcap.USD.","08-28-2017",21.9131224753649
"ltc_marketcap.USD.","08-29-2017",21.9257094726898
"ltc_marketcap.USD.","08-30-2017",21.9416591639336
"ltc_marketcap.USD.","08-31-2017",22.0412465601337
"ltc_marketcap.USD.","09-01-2017",22.2332546159126
"ltc_marketcap.USD.","09-02-2017",22.1503661924586
"ltc_marketcap.USD.","09-03-2017",22.1217703498373
"ltc_marketcap.USD.","09-04-2017",21.9599429765704
"ltc_marketcap.USD.","09-05-2017",22.0555447810097
"ltc_marketcap.USD.","09-06-2017",22.1627904902618
"ltc_marketcap.USD.","09-07-2017",22.1450793573757
"ltc_marketcap.USD.","09-08-2017",21.9907625854007
"ltc_marketcap.USD.","09-09-2017",21.9698382548912
"ltc_marketcap.USD.","09-10-2017",21.9048427142794
"ltc_marketcap.USD.","09-11-2017",21.976971218374
"ltc_marketcap.USD.","09-12-2017",21.9478703365614
"ltc_marketcap.USD.","09-13-2017",21.9055940786544
"ltc_marketcap.USD.","09-14-2017",21.5146824507615
"ltc_marketcap.USD.","09-15-2017",21.658802178266
"ltc_marketcap.USD.","09-16-2017",21.6611027732416
"ltc_marketcap.USD.","09-17-2017",21.6675879916195
"ltc_marketcap.USD.","09-18-2017",21.8053692678988
"ltc_marketcap.USD.","09-19-2017",21.751412741942
"ltc_marketcap.USD.","09-20-2017",21.7309938039018
"ltc_marketcap.USD.","09-21-2017",21.6292556965349
"ltc_marketcap.USD.","09-22-2017",21.6612789208929
"ltc_marketcap.USD.","09-23-2017",21.6840020705022
"ltc_marketcap.USD.","09-24-2017",21.6506270641344
"ltc_marketcap.USD.","09-25-2017",21.7328793204518
"ltc_marketcap.USD.","09-26-2017",21.7309974543695
"ltc_marketcap.USD.","09-27-2017",21.8173244399744
"ltc_marketcap.USD.","09-28-2017",21.7794784983971
"ltc_marketcap.USD.","09-29-2017",21.7519776995673
"ltc_marketcap.USD.","09-30-2017",21.7988619403676
"ltc_marketcap.USD.","10-01-2017",21.7884144091095
"ltc_marketcap.USD.","10-02-2017",21.7672600118901
"ltc_marketcap.USD.","10-03-2017",21.7466012654491
"ltc_marketcap.USD.","10-04-2017",21.7298578614315
"ltc_marketcap.USD.","10-05-2017",21.7346703657067
"ltc_marketcap.USD.","10-06-2017",21.7446082367899
"ltc_marketcap.USD.","10-07-2017",21.751684533551
"ltc_marketcap.USD.","10-08-2017",21.7631184304076
"ltc_marketcap.USD.","10-09-2017",21.7066393505804
"ltc_marketcap.USD.","10-10-2017",21.7187595393982
"ltc_marketcap.USD.","10-11-2017",21.7216414974329
"ltc_marketcap.USD.","10-12-2017",21.8957975085578
"ltc_marketcap.USD.","10-13-2017",21.876956414531
"ltc_marketcap.USD.","10-14-2017",21.9537247665082
"ltc_marketcap.USD.","10-15-2017",21.9785570353449
"ltc_marketcap.USD.","10-16-2017",21.9628103973798
"ltc_marketcap.USD.","10-17-2017",21.8811622415111
"ltc_marketcap.USD.","10-18-2017",21.9019485252123
"ltc_marketcap.USD.","10-19-2017",21.8854380430757
"ltc_marketcap.USD.","10-20-2017",21.8939351865631
"ltc_marketcap.USD.","10-21-2017",21.8599282821388
"ltc_marketcap.USD.","10-22-2017",21.8340800451509
"ltc_marketcap.USD.","10-23-2017",21.8019440896846
"ltc_marketcap.USD.","10-24-2017",21.8200998788038
"ltc_marketcap.USD.","10-25-2017",21.8295651710959
"ltc_marketcap.USD.","10-26-2017",21.8156353466224
"ltc_marketcap.USD.","10-27-2017",21.8107160609083
"ltc_marketcap.USD.","10-28-2017",21.7980224959895
"ltc_marketcap.USD.","10-29-2017",21.837229685119
"ltc_marketcap.USD.","10-30-2017",21.8291284450783
"ltc_marketcap.USD.","10-31-2017",21.8182515575588
"ltc_marketcap.USD.","11-01-2017",21.778591290313
"ltc_marketcap.USD.","11-02-2017",21.7976742269174
"ltc_marketcap.USD.","11-03-2017",21.8275089096203
"ltc_marketcap.USD.","11-04-2017",21.8064057094072
"ltc_marketcap.USD.","11-05-2017",21.8018046616454
"ltc_marketcap.USD.","11-06-2017",21.8062228860039
"ltc_marketcap.USD.","11-07-2017",21.9121057139362
"ltc_marketcap.USD.","11-08-2017",21.9346411747891
"ltc_marketcap.USD.","11-09-2017",21.9655858961489
"ltc_marketcap.USD.","11-10-2017",21.8836471903455
"ltc_marketcap.USD.","11-11-2017",21.9326171511214
"ltc_marketcap.USD.","11-12-2017",21.8813507115433
"ltc_marketcap.USD.","11-13-2017",21.9224501949405
"ltc_marketcap.USD.","11-14-2017",21.9409048320362
"ltc_marketcap.USD.","11-15-2017",21.9574836158108
"ltc_marketcap.USD.","11-16-2017",22.0567077941621
"ltc_marketcap.USD.","11-17-2017",22.0128069775794
"ltc_marketcap.USD.","11-18-2017",22.0438770220612
"ltc_marketcap.USD.","11-19-2017",22.0711805311345
"ltc_marketcap.USD.","11-20-2017",22.082409942945
"ltc_marketcap.USD.","11-21-2017",22.0543804136827
"ltc_marketcap.USD.","11-22-2017",22.0798610109713
"ltc_marketcap.USD.","11-23-2017",22.096198831239
"ltc_marketcap.USD.","11-24-2017",22.159592447671
"ltc_marketcap.USD.","11-25-2017",22.2922629322029
"ltc_marketcap.USD.","11-26-2017",22.2576741218637
"ltc_marketcap.USD.","11-27-2017",22.3237215297564
"ltc_marketcap.USD.","11-28-2017",22.3697258936052
"ltc_marketcap.USD.","11-29-2017",22.2627833049736
"ltc_marketcap.USD.","11-30-2017",22.2832193442816
"ltc_marketcap.USD.","12-01-2017",22.4006109650898
"ltc_marketcap.USD.","12-02-2017",22.4134317606414
"ltc_marketcap.USD.","12-03-2017",22.425600109173
"ltc_marketcap.USD.","12-04-2017",22.4539279684788
"ltc_marketcap.USD.","12-05-2017",22.4368583382008
"ltc_marketcap.USD.","12-06-2017",22.4125698260711
"ltc_marketcap.USD.","12-07-2017",22.3962248781499
"ltc_marketcap.USD.","12-08-2017",22.656287571777
"ltc_marketcap.USD.","12-09-2017",22.8561106953501
"ltc_marketcap.USD.","12-10-2017",22.8079461323619
"ltc_marketcap.USD.","12-11-2017",23.1680967414787
"ltc_marketcap.USD.","12-12-2017",23.5633087475071
"ltc_marketcap.USD.","12-13-2017",23.517640512508
"ltc_marketcap.USD.","12-14-2017",23.4484025617721
"ltc_marketcap.USD.","12-15-2017",23.5120169905699
"ltc_marketcap.USD.","12-16-2017",23.5204739983677
"ltc_marketcap.USD.","12-17-2017",23.5760799424812
"ltc_marketcap.USD.","12-18-2017",23.6949871405389
"ltc_marketcap.USD.","12-19-2017",23.6683624945318
"ltc_marketcap.USD.","12-20-2017",23.5633145898059
"ltc_marketcap.USD.","12-21-2017",23.5780794994419
"ltc_marketcap.USD.","12-22-2017",23.4080610582355
"ltc_marketcap.USD.","12-23-2017",23.4859872873835
"ltc_marketcap.USD.","12-24-2017",23.4387152628106
"ltc_marketcap.USD.","12-25-2017",23.4230419015964
"ltc_marketcap.USD.","12-26-2017",23.4715106357967
"ltc_marketcap.USD.","12-27-2017",23.4199989068827
"ltc_marketcap.USD.","12-28-2017",23.3368734817501
"ltc_marketcap.USD.","12-29-2017",23.3158902219659
"ltc_marketcap.USD.","12-30-2017",23.1943355293908
"ltc_marketcap.USD.","12-31-2017",23.2601084912062
"ltc_marketcap.USD.","01-01-2018",23.2487464504976
"ltc_marketcap.USD.","01-02-2018",23.3593043287383
"ltc_marketcap.USD.","01-03-2018",23.3187742430622
"ltc_marketcap.USD.","01-04-2018",23.3008124379829
"ltc_marketcap.USD.","01-05-2018",23.3366609769405
"ltc_marketcap.USD.","01-06-2018",23.5069243127568
"ltc_marketcap.USD.","01-07-2018",23.4786321003906
"ltc_marketcap.USD.","01-08-2018",23.3566068595656
"ltc_marketcap.USD.","01-09-2018",23.3308546133346
"ltc_marketcap.USD.","01-10-2018",23.3449153836209
"ltc_marketcap.USD.","01-11-2018",23.2548095409746
"ltc_marketcap.USD.","01-12-2018",23.2854652629638
"ltc_marketcap.USD.","01-13-2018",23.3810748216119
"ltc_marketcap.USD.","01-14-2018",23.2877304615593
"ltc_marketcap.USD.","01-15-2018",23.2689618008707
"ltc_marketcap.USD.","01-16-2018",23.0667817185424
"ltc_marketcap.USD.","01-17-2018",23.0501044217412
"ltc_marketcap.USD.","01-18-2018",23.0728108488037
"ltc_marketcap.USD.","01-19-2018",23.089604768295
"ltc_marketcap.USD.","01-20-2018",23.1730374159661
"ltc_marketcap.USD.","01-21-2018",23.0767246363133
"ltc_marketcap.USD.","01-22-2018",23.0150922624713
"ltc_marketcap.USD.","01-23-2018",23.005013327242
"ltc_marketcap.USD.","01-24-2018",23.0227210369315
"ltc_marketcap.USD.","01-25-2018",23.0133318927843
"ltc_marketcap.USD.","01-26-2018",22.9959091143587
"ltc_marketcap.USD.","01-27-2018",23.0227882447044
"ltc_marketcap.USD.","01-28-2018",23.0888069495828
"ltc_marketcap.USD.","01-29-2018",23.0234650860771
"ltc_marketcap.USD.","01-30-2018",22.9305364501269
"ltc_marketcap.USD.","01-31-2018",22.9209714096969
"ltc_marketcap.USD.","02-01-2018",22.7831052562276
"ltc_marketcap.USD.","02-02-2018",22.7018381509072
"ltc_marketcap.USD.","02-03-2018",22.901417454048
"ltc_marketcap.USD.","02-04-2018",22.8262505503747
"ltc_marketcap.USD.","02-05-2018",22.67268838174
"ltc_marketcap.USD.","02-06-2018",22.7839194863123
"ltc_marketcap.USD.","02-07-2018",22.7546496336724
"ltc_marketcap.USD.","02-08-2018",22.8340824915415
"ltc_marketcap.USD.","02-09-2018",22.9222544130771
"ltc_marketcap.USD.","02-10-2018",22.8717120833765
"ltc_marketcap.USD.","02-11-2018",22.8373563592406
"ltc_marketcap.USD.","02-12-2018",22.9124985643531
"ltc_marketcap.USD.","02-13-2018",22.8991067377866
"ltc_marketcap.USD.","02-14-2018",23.1850488509892
"ltc_marketcap.USD.","02-15-2018",23.2454120720826
"ltc_marketcap.USD.","02-16-2018",23.2632681263696
"ltc_marketcap.USD.","02-17-2018",23.2679182911314
"ltc_marketcap.USD.","02-18-2018",23.2004678823489
"ltc_marketcap.USD.","02-19-2018",23.2357146939074
"ltc_marketcap.USD.","02-20-2018",23.2706150629131
"ltc_marketcap.USD.","02-21-2018",23.1892274915666
"ltc_marketcap.USD.","02-22-2018",23.0978087349979
"ltc_marketcap.USD.","02-23-2018",23.1793614048803
"ltc_marketcap.USD.","02-24-2018",23.1676542655148
"ltc_marketcap.USD.","02-25-2018",23.2330276877326
"ltc_marketcap.USD.","02-26-2018",23.2313680443376
"ltc_marketcap.USD.","02-27-2018",23.2114338294368
"ltc_marketcap.USD.","02-28-2018",23.1443092930675
"ltc_marketcap.USD.","03-01-2018",23.1757612033674
"ltc_marketcap.USD.","03-02-2018",23.1962685822316
"ltc_marketcap.USD.","03-03-2018",23.1795500792717
"ltc_marketcap.USD.","03-04-2018",23.1963360449585
"ltc_marketcap.USD.","03-05-2018",23.1814006306814
"ltc_marketcap.USD.","03-06-2018",23.1144568682745
"ltc_marketcap.USD.","03-07-2018",23.0565353120715
"ltc_marketcap.USD.","03-08-2018",23.0058941107573
"ltc_marketcap.USD.","03-09-2018",23.0699635045588
"ltc_marketcap.USD.","03-10-2018",23.0122295791313
"ltc_marketcap.USD.","03-11-2018",23.0752789858518
"ltc_marketcap.USD.","03-12-2018",23.0132245516642
"ltc_marketcap.USD.","03-13-2018",23.004119503707
"ltc_marketcap.USD.","03-14-2018",22.9168973001057
"ltc_marketcap.USD.","03-15-2018",22.9393296146691
"ltc_marketcap.USD.","03-16-2018",22.9418560895352
"ltc_marketcap.USD.","03-17-2018",22.8624457254641
"ltc_marketcap.USD.","03-18-2018",22.8817715307474
"ltc_marketcap.USD.","03-19-2018",22.9201859234856
"ltc_marketcap.USD.","03-20-2018",22.9689863552785
"ltc_marketcap.USD.","03-21-2018",22.9643180207559
"ltc_marketcap.USD.","03-22-2018",22.9336194062075
"ltc_marketcap.USD.","03-23-2018",22.9636871867842
"ltc_marketcap.USD.","03-24-2018",22.9048690333797
"ltc_marketcap.USD.","03-25-2018",22.9133046584679
"ltc_marketcap.USD.","03-26-2018",22.8410503027893
"ltc_marketcap.USD.","03-27-2018",22.7465377404923
"ltc_marketcap.USD.","03-28-2018",22.7201338670016
"ltc_marketcap.USD.","03-29-2018",22.5813965219009
"ltc_marketcap.USD.","03-30-2018",22.6145070758165
"ltc_marketcap.USD.","03-31-2018",22.6000723940998
"ltc_marketcap.USD.","04-01-2018",22.585968274985
"ltc_marketcap.USD.","04-02-2018",22.622630799982
"ltc_marketcap.USD.","04-03-2018",22.7366610546584
"ltc_marketcap.USD.","04-04-2018",22.612229146417
"ltc_marketcap.USD.","04-05-2018",22.6176194990873
"ltc_marketcap.USD.","04-06-2018",22.5689025093925
"ltc_marketcap.USD.","04-07-2018",22.5966698072148
"ltc_marketcap.USD.","04-08-2018",22.6096746616219
"ltc_marketcap.USD.","04-09-2018",22.5878621135977
"ltc_marketcap.USD.","04-10-2018",22.5800746343279
"ltc_marketcap.USD.","04-11-2018",22.6147243257649
"ltc_marketcap.USD.","04-12-2018",22.7037789107054
"ltc_marketcap.USD.","04-13-2018",22.6722071018109
"ltc_marketcap.USD.","04-14-2018",22.6839407343855
"ltc_marketcap.USD.","04-15-2018",22.7252051910968
"ltc_marketcap.USD.","04-16-2018",22.7004642211766
"ltc_marketcap.USD.","04-17-2018",22.7288145756297
"btc_marketcap.USD.","01-01-2017",23.4992923930577
"btc_marketcap.USD.","01-02-2017",23.5221678090538
"btc_marketcap.USD.","01-03-2017",23.5443708763391
"btc_marketcap.USD.","01-04-2017",23.6466424483083
"btc_marketcap.USD.","01-05-2017",23.5152956015106
"btc_marketcap.USD.","01-06-2017",23.3997840904355
"btc_marketcap.USD.","01-07-2017",23.4050678828957
"btc_marketcap.USD.","01-08-2017",23.4107663317584
"btc_marketcap.USD.","01-09-2017",23.398971893674
"btc_marketcap.USD.","01-10-2017",23.4053621303599
"btc_marketcap.USD.","01-11-2017",23.2472008737019
"btc_marketcap.USD.","01-12-2017",23.2835195718229
"btc_marketcap.USD.","01-13-2017",23.3099164706177
"btc_marketcap.USD.","01-14-2017",23.3015337990325
"btc_marketcap.USD.","01-15-2017",23.3061004492749
"btc_marketcap.USD.","01-16-2017",23.3173183289951
"btc_marketcap.USD.","01-17-2017",23.4076310842662
"btc_marketcap.USD.","01-18-2017",23.3843432215022
"btc_marketcap.USD.","01-19-2017",23.3954884949105
"btc_marketcap.USD.","01-20-2017",23.3927138002667
"btc_marketcap.USD.","01-21-2017",23.4221811079992
"btc_marketcap.USD.","01-22-2017",23.425887999533
"btc_marketcap.USD.","01-23-2017",23.409847223433
"btc_marketcap.USD.","01-24-2017",23.389152866775
"btc_marketcap.USD.","01-25-2017",23.4009393013899
"btc_marketcap.USD.","01-26-2017",23.4185954736392
"btc_marketcap.USD.","01-27-2017",23.4203090157603
"btc_marketcap.USD.","01-28-2017",23.4228805592275
"btc_marketcap.USD.","01-29-2017",23.4209222088646
"btc_marketcap.USD.","01-30-2017",23.4219186876069
"btc_marketcap.USD.","01-31-2017",23.4748798702941
"btc_marketcap.USD.","02-01-2017",23.4944660957168
"btc_marketcap.USD.","02-02-2017",23.5160308911559
"btc_marketcap.USD.","02-03-2017",23.5356039787035
"btc_marketcap.USD.","02-04-2017",23.5474621791683
"btc_marketcap.USD.","02-05-2017",23.5329937806148
"btc_marketcap.USD.","02-06-2017",23.5444423219215
"btc_marketcap.USD.","02-07-2017",23.5656546048204
"btc_marketcap.USD.","02-08-2017",23.5680066018993
"btc_marketcap.USD.","02-09-2017",23.5010659562367
"btc_marketcap.USD.","02-10-2017",23.4943972478236
"btc_marketcap.USD.","02-11-2017",23.5091840751469
"btc_marketcap.USD.","02-12-2017",23.5046594322728
"btc_marketcap.USD.","02-13-2017",23.4976030297203
"btc_marketcap.USD.","02-14-2017",23.5122260618025
"btc_marketcap.USD.","02-15-2017",23.5137620094153
"btc_marketcap.USD.","02-16-2017",23.5320418299479
"btc_marketcap.USD.","02-17-2017",23.5544064461358
"btc_marketcap.USD.","02-18-2017",23.5598030625475
"btc_marketcap.USD.","02-19-2017",23.5541352596935
"btc_marketcap.USD.","02-20-2017",23.5830008229115
"btc_marketcap.USD.","02-21-2017",23.6154914309816
"btc_marketcap.USD.","02-22-2017",23.6178066699369
"btc_marketcap.USD.","02-23-2017",23.6663565391748
"btc_marketcap.USD.","02-24-2017",23.6645155252007
"btc_marketcap.USD.","02-25-2017",23.6420576691521
"btc_marketcap.USD.","02-26-2017",23.6591047837226
"btc_marketcap.USD.","02-27-2017",23.6736659605023
"btc_marketcap.USD.","02-28-2017",23.6732054493267
"btc_marketcap.USD.","03-01-2017",23.7104516936986
"btc_marketcap.USD.","03-02-2017",23.7316033298578
"btc_marketcap.USD.","03-03-2017",23.7528583279885
"btc_marketcap.USD.","03-04-2017",23.7346745898854
"btc_marketcap.USD.","03-05-2017",23.7452456111865
"btc_marketcap.USD.","03-06-2017",23.7498715821659
"btc_marketcap.USD.","03-07-2017",23.70994727498
"btc_marketcap.USD.","03-08-2017",23.6486239283001
"btc_marketcap.USD.","03-09-2017",23.682090320477
"btc_marketcap.USD.","03-10-2017",23.6188296483307
"btc_marketcap.USD.","03-11-2017",23.6715552882581
"btc_marketcap.USD.","03-12-2017",23.7093365879381
"btc_marketcap.USD.","03-13-2017",23.7179075160184
"btc_marketcap.USD.","03-14-2017",23.7245029311348
"btc_marketcap.USD.","03-15-2017",23.7335763299996
"btc_marketcap.USD.","03-16-2017",23.6751402624365
"btc_marketcap.USD.","03-17-2017",23.604636091488
"btc_marketcap.USD.","03-18-2017",23.4861829394895
"btc_marketcap.USD.","03-19-2017",23.5464169615372
"btc_marketcap.USD.","03-20-2017",23.5638402569773
"btc_marketcap.USD.","03-21-2017",23.6239783885091
"btc_marketcap.USD.","03-22-2017",23.5590288689604
"btc_marketcap.USD.","03-23-2017",23.5480318377446
"btc_marketcap.USD.","03-24-2017",23.4448770044213
"btc_marketcap.USD.","03-25-2017",23.4842120474021
"btc_marketcap.USD.","03-26-2017",23.4823259589564
"btc_marketcap.USD.","03-27-2017",23.554388762305
"btc_marketcap.USD.","03-28-2017",23.5559437435639
"btc_marketcap.USD.","03-29-2017",23.5523412196726
"btc_marketcap.USD.","03-30-2017",23.5374162800414
"btc_marketcap.USD.","03-31-2017",23.5804828906437
"btc_marketcap.USD.","04-01-2017",23.5888552560047
"btc_marketcap.USD.","04-02-2017",23.6094399079809
"btc_marketcap.USD.","04-03-2017",23.6474484016603
"btc_marketcap.USD.","04-04-2017",23.637554839162
"btc_marketcap.USD.","04-05-2017",23.6303089632046
"btc_marketcap.USD.","04-06-2017",23.6765341436811
"btc_marketcap.USD.","04-07-2017",23.671308840125
"btc_marketcap.USD.","04-08-2017",23.6747535991788
"btc_marketcap.USD.","04-09-2017",23.6839510754228
"btc_marketcap.USD.","04-10-2017",23.6841996049577
"btc_marketcap.USD.","04-11-2017",23.6988362186765
"btc_marketcap.USD.","04-12-2017",23.6957960115425
"btc_marketcap.USD.","04-13-2017",23.6700074262282
"btc_marketcap.USD.","04-14-2017",23.6675205886177
"btc_marketcap.USD.","04-15-2017",23.6721737628469
"btc_marketcap.USD.","04-16-2017",23.6813222035194
"btc_marketcap.USD.","04-17-2017",23.6902796550686
"btc_marketcap.USD.","04-18-2017",23.7056494117307
"btc_marketcap.USD.","04-19-2017",23.7048941151141
"btc_marketcap.USD.","04-20-2017",23.7200325752572
"btc_marketcap.USD.","04-21-2017",23.7146838173068
"btc_marketcap.USD.","04-22-2017",23.7223026445087
"btc_marketcap.USD.","04-23-2017",23.7041585468037
"btc_marketcap.USD.","04-24-2017",23.737441971955
"btc_marketcap.USD.","04-25-2017",23.7499103653437
"btc_marketcap.USD.","04-26-2017",23.7624981159463
"btc_marketcap.USD.","04-27-2017",23.7902018695067
"btc_marketcap.USD.","04-28-2017",23.7903787955568
"btc_marketcap.USD.","04-29-2017",23.7935674048001
"btc_marketcap.USD.","04-30-2017",23.8134806751985
"btc_marketcap.USD.","05-01-2017",23.866132807205
"btc_marketcap.USD.","05-02-2017",23.889040418282
"btc_marketcap.USD.","05-03-2017",23.9142317793573
"btc_marketcap.USD.","05-04-2017",23.9474515394295
"btc_marketcap.USD.","05-05-2017",23.9578417676187
"btc_marketcap.USD.","05-06-2017",23.9724186526989
"btc_marketcap.USD.","05-07-2017",23.9835330941744
"btc_marketcap.USD.","05-08-2017",24.0601806647086
"btc_marketcap.USD.","05-09-2017",24.0790508432819
"btc_marketcap.USD.","05-10-2017",24.0926491418128
"btc_marketcap.USD.","05-11-2017",24.1288236978855
"btc_marketcap.USD.","05-12-2017",24.0601842193478
"btc_marketcap.USD.","05-13-2017",24.1044339656347
"btc_marketcap.USD.","05-14-2017",24.1087605748813
"btc_marketcap.USD.","05-15-2017",24.0712839363371
"btc_marketcap.USD.","05-16-2017",24.0627580131719
"btc_marketcap.USD.","05-17-2017",24.1147663556297
"btc_marketcap.USD.","05-18-2017",24.1572207828467
"btc_marketcap.USD.","05-19-2017",24.2021153788915
"btc_marketcap.USD.","05-20-2017",24.243116986179
"btc_marketcap.USD.","05-21-2017",24.2316301018018
"btc_marketcap.USD.","05-22-2017",24.3018448160928
"btc_marketcap.USD.","05-23-2017",24.3595142601969
"btc_marketcap.USD.","05-24-2017",24.4120302844473
"btc_marketcap.USD.","05-25-2017",24.3595511509397
"btc_marketcap.USD.","05-26-2017",24.3044793421546
"btc_marketcap.USD.","05-27-2017",24.2376698726605
"btc_marketcap.USD.","05-28-2017",24.2878143017704
"btc_marketcap.USD.","05-29-2017",24.3313960838748
"btc_marketcap.USD.","05-30-2017",24.3008421529468
"btc_marketcap.USD.","05-31-2017",24.3461710731365
"btc_marketcap.USD.","06-01-2017",24.3956245724056
"btc_marketcap.USD.","06-02-2017",24.4323669481983
"btc_marketcap.USD.","06-03-2017",24.4539635891054
"btc_marketcap.USD.","06-04-2017",24.4400984359918
"btc_marketcap.USD.","06-05-2017",24.5088408743862
"btc_marketcap.USD.","06-06-2017",24.5731963938273
"btc_marketcap.USD.","06-07-2017",24.5200373496576
"btc_marketcap.USD.","06-08-2017",24.5516267593237
"btc_marketcap.USD.","06-09-2017",24.5590857539197
"btc_marketcap.USD.","06-10-2017",24.5988053396405
"btc_marketcap.USD.","06-11-2017",24.6025838159563
"btc_marketcap.USD.","06-12-2017",24.5059566208773
"btc_marketcap.USD.","06-13-2017",24.5193907790411
"btc_marketcap.USD.","06-14-2017",24.4361376585363
"btc_marketcap.USD.","06-15-2017",24.4241751413817
"btc_marketcap.USD.","06-16-2017",24.4421214819113
"btc_marketcap.USD.","06-17-2017",24.4969298154532
"btc_marketcap.USD.","06-18-2017",24.4561765304411
"btc_marketcap.USD.","06-19-2017",24.472722852946
"btc_marketcap.USD.","06-20-2017",24.517423803356
"btc_marketcap.USD.","06-21-2017",24.5107160584577
"btc_marketcap.USD.","06-22-2017",24.5168633503873
"btc_marketcap.USD.","06-23-2017",24.5284361027931
"btc_marketcap.USD.","06-24-2017",24.4794253632103
"btc_marketcap.USD.","06-25-2017",24.4730992703973
"btc_marketcap.USD.","06-26-2017",24.4289507843754
"btc_marketcap.USD.","06-27-2017",24.4587115556257
"btc_marketcap.USD.","06-28-2017",24.4645076388067
"btc_marketcap.USD.","06-29-2017",24.4535055406953
"btc_marketcap.USD.","06-30-2017",24.4350851489611
"btc_marketcap.USD.","07-01-2017",24.4124077566133
"btc_marketcap.USD.","07-02-2017",24.4377448093606
"btc_marketcap.USD.","07-03-2017",24.4625508164976
"btc_marketcap.USD.","07-04-2017",24.4788876320021
"btc_marketcap.USD.","07-05-2017",24.4810041535685
"btc_marketcap.USD.","07-06-2017",24.4813028156579
"btc_marketcap.USD.","07-07-2017",24.446974162642
"btc_marketcap.USD.","07-08-2017",24.4676556809879
"btc_marketcap.USD.","07-09-2017",24.4491761081406
"btc_marketcap.USD.","07-10-2017",24.3925597402014
"btc_marketcap.USD.","07-11-2017",24.3701741990804
"btc_marketcap.USD.","07-12-2017",24.3998449510975
"btc_marketcap.USD.","07-13-2017",24.3822812672434
"btc_marketcap.USD.","07-14-2017",24.3255329253642
"btc_marketcap.USD.","07-15-2017",24.2127060592577
"btc_marketcap.USD.","07-16-2017",24.1825748816658
"btc_marketcap.USD.","07-17-2017",24.3273877359414
"btc_marketcap.USD.","07-18-2017",24.3668288365694
"btc_marketcap.USD.","07-19-2017",24.3437807935337
"btc_marketcap.USD.","07-20-2017",24.5674167711277
"btc_marketcap.USD.","07-21-2017",24.5058541894977
"btc_marketcap.USD.","07-22-2017",24.5569185687366
"btc_marketcap.USD.","07-23-2017",24.5298305441584
"btc_marketcap.USD.","07-24-2017",24.539000384212
"btc_marketcap.USD.","07-25-2017",24.4717105283977
"btc_marketcap.USD.","07-26-2017",24.4565568354311
"btc_marketcap.USD.","07-27-2017",24.5107319156344
"btc_marketcap.USD.","07-28-2017",24.5572559470079
"btc_marketcap.USD.","07-29-2017",24.5274964832921
"btc_marketcap.USD.","07-30-2017",24.5417646667149
"btc_marketcap.USD.","07-31-2017",24.5802369142173
"btc_marketcap.USD.","08-01-2017",24.5288343952585
"btc_marketcap.USD.","08-02-2017",24.5224873780621
"btc_marketcap.USD.","08-03-2017",24.5578936269984
"btc_marketcap.USD.","08-04-2017",24.5898353054681
"btc_marketcap.USD.","08-05-2017",24.707067961998
"btc_marketcap.USD.","08-06-2017",24.6933180991429
"btc_marketcap.USD.","08-07-2017",24.7412745625513
"btc_marketcap.USD.","08-08-2017",24.7561763873844
"btc_marketcap.USD.","08-09-2017",24.7330451189524
"btc_marketcap.USD.","08-10-2017",24.742671312504
"btc_marketcap.USD.","08-11-2017",24.8216372803882
"btc_marketcap.USD.","08-12-2017",24.8826815909119
"btc_marketcap.USD.","08-13-2017",24.9296331726199
"btc_marketcap.USD.","08-14-2017",24.9919207853888
"btc_marketcap.USD.","08-15-2017",24.9623267150088
"btc_marketcap.USD.","08-16-2017",25.0053215725177
"btc_marketcap.USD.","08-17-2017",24.991654738563
"btc_marketcap.USD.","08-18-2017",24.9476601127767
"btc_marketcap.USD.","08-19-2017",24.960161202676
"btc_marketcap.USD.","08-20-2017",24.9363870151345
"btc_marketcap.USD.","08-21-2017",24.9136930078456
"btc_marketcap.USD.","08-22-2017",24.9361783119135
"btc_marketcap.USD.","08-23-2017",24.9481107444734
"btc_marketcap.USD.","08-24-2017",24.994292472817
"btc_marketcap.USD.","08-25-2017",25.003385707114
"btc_marketcap.USD.","08-26-2017",24.9972784384969
"btc_marketcap.USD.","08-27-2017",25.0064095421398
"btc_marketcap.USD.","08-28-2017",25.0075941925755
"btc_marketcap.USD.","08-29-2017",25.0481478812142
"btc_marketcap.USD.","08-30-2017",25.0450420766473
"btc_marketcap.USD.","08-31-2017",25.0767438090159
"btc_marketcap.USD.","09-01-2017",25.1184628600437
"btc_marketcap.USD.","09-02-2017",25.0519141102538
"btc_marketcap.USD.","09-03-2017",25.0534134794295
"btc_marketcap.USD.","09-04-2017",24.9711094381526
"btc_marketcap.USD.","09-05-2017",25.0057303902805
"btc_marketcap.USD.","09-06-2017",25.0532752310364
"btc_marketcap.USD.","09-07-2017",25.0568923563719
"btc_marketcap.USD.","09-08-2017",24.9720067630987
"btc_marketcap.USD.","09-09-2017",24.9720196170005
"btc_marketcap.USD.","09-10-2017",24.9465311792354
"btc_marketcap.USD.","09-11-2017",24.9578562823964
"btc_marketcap.USD.","09-12-2017",24.949109311036
"btc_marketcap.USD.","09-13-2017",24.8851381979604
"btc_marketcap.USD.","09-14-2017",24.6831928997816
"btc_marketcap.USD.","09-15-2017",24.8221268512932
"btc_marketcap.USD.","09-16-2017",24.813565563171
"btc_marketcap.USD.","09-17-2017",24.8094790962138
"btc_marketcap.USD.","09-18-2017",24.9356941303522
"btc_marketcap.USD.","09-19-2017",24.8963984739654
"btc_marketcap.USD.","09-20-2017",24.8926807652155
"btc_marketcap.USD.","09-21-2017",24.820145516375
"btc_marketcap.USD.","09-22-2017",24.8207720625061
"btc_marketcap.USD.","09-23-2017",24.865674903285
"btc_marketcap.USD.","09-24-2017",24.835140839158
"btc_marketcap.USD.","09-25-2017",24.900126967401
"btc_marketcap.USD.","09-26-2017",24.8911582144637
"btc_marketcap.USD.","09-27-2017",24.9665073020472
"btc_marketcap.USD.","09-28-2017",24.9605441177335
"btc_marketcap.USD.","09-29-2017",24.959350094645
"btc_marketcap.USD.","09-30-2017",25.0005886847134
"btc_marketcap.USD.","10-01-2017",25.0132210413998
"btc_marketcap.USD.","10-02-2017",25.0162057607962
"btc_marketcap.USD.","10-03-2017",24.9959309068744
"btc_marketcap.USD.","10-04-2017",24.9750940897677
"btc_marketcap.USD.","10-05-2017",24.997297934416
"btc_marketcap.USD.","10-06-2017",25.0077499269426
"btc_marketcap.USD.","10-07-2017",25.0215765676805
"btc_marketcap.USD.","10-08-2017",25.0626002397125
"btc_marketcap.USD.","10-09-2017",25.0971569679716
"btc_marketcap.USD.","10-10-2017",25.100006022941
"btc_marketcap.USD.","10-11-2017",25.1084960845681
"btc_marketcap.USD.","10-12-2017",25.2320616771063
"btc_marketcap.USD.","10-13-2017",25.2644626753896
"btc_marketcap.USD.","10-14-2017",25.2980994883375
"btc_marketcap.USD.","10-15-2017",25.2724898152522
"btc_marketcap.USD.","10-16-2017",25.2820705667832
"btc_marketcap.USD.","10-17-2017",25.2579084028947
"btc_marketcap.USD.","10-18-2017",25.254434198993
"btc_marketcap.USD.","10-19-2017",25.2765941570565
"btc_marketcap.USD.","10-20-2017",25.3260652147885
"btc_marketcap.USD.","10-21-2017",25.332806458652
"btc_marketcap.USD.","10-22-2017",25.3278518523401
"btc_marketcap.USD.","10-23-2017",25.3161771895386
"btc_marketcap.USD.","10-24-2017",25.2445564639519
"btc_marketcap.USD.","10-25-2017",25.2843284284038
"btc_marketcap.USD.","10-26-2017",25.3105306746657
"btc_marketcap.USD.","10-27-2017",25.2914566361317
"btc_marketcap.USD.","10-28-2017",25.2857351811523
"btc_marketcap.USD.","10-29-2017",25.3466000535622
"btc_marketcap.USD.","10-30-2017",25.3495123485364
"btc_marketcap.USD.","10-31-2017",25.3987733236047
"btc_marketcap.USD.","11-01-2017",25.4498568781388
"btc_marketcap.USD.","11-02-2017",25.4946620725636
"btc_marketcap.USD.","11-03-2017",25.5055440126756
"btc_marketcap.USD.","11-04-2017",25.5385996989565
"btc_marketcap.USD.","11-05-2017",25.5385267556537
"btc_marketcap.USD.","11-06-2017",25.4859182897148
"btc_marketcap.USD.","11-07-2017",25.5027338085335
"btc_marketcap.USD.","11-08-2017",25.5447241292917
"btc_marketcap.USD.","11-09-2017",25.5074772051783
"btc_marketcap.USD.","11-10-2017",25.4270317086394
"btc_marketcap.USD.","11-11-2017",25.3770356927706
"btc_marketcap.USD.","11-12-2017",25.3186785734785
"btc_marketcap.USD.","11-13-2017",25.4185874647563
"btc_marketcap.USD.","11-14-2017",25.4297915292384
"btc_marketcap.USD.","11-15-2017",25.5286302412631
"btc_marketcap.USD.","11-16-2017",25.5986616137368
"btc_marketcap.USD.","11-17-2017",25.5786109132997
"btc_marketcap.USD.","11-18-2017",25.5876800398734
"btc_marketcap.USD.","11-19-2017",25.6223511296059
"btc_marketcap.USD.","11-20-2017",25.6430058578469
"btc_marketcap.USD.","11-21-2017",25.6274363021517
"btc_marketcap.USD.","11-22-2017",25.6464823983677
"btc_marketcap.USD.","11-23-2017",25.627176722743
"btc_marketcap.USD.","11-24-2017",25.6478492935477
"btc_marketcap.USD.","11-25-2017",25.7122620184392
"btc_marketcap.USD.","11-26-2017",25.7745375083371
"btc_marketcap.USD.","11-27-2017",25.8237662101262
"btc_marketcap.USD.","11-28-2017",25.8494119575563
"btc_marketcap.USD.","11-29-2017",25.8324605717313
"btc_marketcap.USD.","11-30-2017",25.8616256966334
"btc_marketcap.USD.","12-01-2017",25.9354260070433
"btc_marketcap.USD.","12-02-2017",25.9450152850755
"btc_marketcap.USD.","12-03-2017",25.965922491069
"btc_marketcap.USD.","12-04-2017",25.9982582801905
"btc_marketcap.USD.","12-05-2017",26.0185285427652
"btc_marketcap.USD.","12-06-2017",26.1980543466102
"btc_marketcap.USD.","12-07-2017",26.4196443027848
"btc_marketcap.USD.","12-08-2017",26.3451691965425
"btc_marketcap.USD.","12-09-2017",26.2597414677258
"btc_marketcap.USD.","12-10-2017",26.276795027054
"btc_marketcap.USD.","12-11-2017",26.3692602878352
"btc_marketcap.USD.","12-12-2017",26.4030970907801
"btc_marketcap.USD.","12-13-2017",26.3373752135562
"btc_marketcap.USD.","12-14-2017",26.350656708306
"btc_marketcap.USD.","12-15-2017",26.4182631683213
"btc_marketcap.USD.","12-16-2017",26.5105956401427
"btc_marketcap.USD.","12-17-2017",26.4915868327402
"btc_marketcap.USD.","12-18-2017",26.4923427969272
"btc_marketcap.USD.","12-19-2017",26.4187674530714
"btc_marketcap.USD.","12-20-2017",26.3538573547592
"btc_marketcap.USD.","12-21-2017",26.3081934517478
"btc_marketcap.USD.","12-22-2017",26.1775094489289
"btc_marketcap.USD.","12-23-2017",26.2238054219947
"btc_marketcap.USD.","12-24-2017",26.1811051465113
"btc_marketcap.USD.","12-25-2017",26.1841016329921
"btc_marketcap.USD.","12-26-2017",26.3252960930188
"btc_marketcap.USD.","12-27-2017",26.3067170319285
"btc_marketcap.USD.","12-28-2017",26.2303356985133
"btc_marketcap.USD.","12-29-2017",26.2295075276679
"btc_marketcap.USD.","12-30-2017",26.1000523661027
"btc_marketcap.USD.","12-31-2017",26.190164966816
"btc_marketcap.USD.","01-01-2018",26.1551477205704
"btc_marketcap.USD.","01-02-2018",26.2499610320471
"btc_marketcap.USD.","01-03-2018",26.269419367399
"btc_marketcap.USD.","01-04-2018",26.2829777671848
"btc_marketcap.USD.","01-05-2018",26.4037489779482
"btc_marketcap.USD.","01-06-2018",26.4076004213798
"btc_marketcap.USD.","01-07-2018",26.345881639184
"btc_marketcap.USD.","01-08-2018",26.2603441657037
"btc_marketcap.USD.","01-09-2018",26.2244464934635
"btc_marketcap.USD.","01-10-2018",26.2502594213439
"btc_marketcap.USD.","01-11-2018",26.1437388873973
"btc_marketcap.USD.","01-12-2018",26.1802564980077
"btc_marketcap.USD.","01-13-2018",26.2099158242561
"btc_marketcap.USD.","01-14-2018",26.1671283906253
"btc_marketcap.USD.","01-15-2018",26.1722291775804
"btc_marketcap.USD.","01-16-2018",25.9814016288616
"btc_marketcap.USD.","01-17-2018",25.9609942060435
"btc_marketcap.USD.","01-18-2018",25.9815421539573
"btc_marketcap.USD.","01-19-2018",26.0012733475796
"btc_marketcap.USD.","01-20-2018",26.1019643154413
"btc_marketcap.USD.","01-21-2018",25.9995676294368
"btc_marketcap.USD.","01-22-2018",25.9386743088953
"btc_marketcap.USD.","01-23-2018",25.9350389900942
"btc_marketcap.USD.","01-24-2018",25.9816098071462
"btc_marketcap.USD.","01-25-2018",25.9671164579805
"btc_marketcap.USD.","01-26-2018",25.9599949925751
"btc_marketcap.USD.","01-27-2018",25.9866449076887
"btc_marketcap.USD.","01-28-2018",26.0108811401612
"btc_marketcap.USD.","01-29-2018",25.9720725298204
"btc_marketcap.USD.","01-30-2018",25.8601401656059
"btc_marketcap.USD.","01-31-2018",25.8729207689925
"btc_marketcap.USD.","02-01-2018",25.7599131979734
"btc_marketcap.USD.","02-02-2018",25.7277824500345
"btc_marketcap.USD.","02-03-2018",25.7638029165299
"btc_marketcap.USD.","02-04-2018",25.660075170402
"btc_marketcap.USD.","02-05-2018",25.5007914154166
"btc_marketcap.USD.","02-06-2018",25.5960403802569
"btc_marketcap.USD.","02-07-2018",25.5808587257411
"btc_marketcap.USD.","02-08-2018",25.6606994147817
"btc_marketcap.USD.","02-09-2018",25.7135691636707
"btc_marketcap.USD.","02-10-2018",25.701687808678
"btc_marketcap.USD.","02-11-2018",25.6451282034334
"btc_marketcap.USD.","02-12-2018",25.7373352277769
"btc_marketcap.USD.","02-13-2018",25.7001581874777
"btc_marketcap.USD.","02-14-2018",25.7985958899745
"btc_marketcap.USD.","02-15-2018",25.8646954479573
"btc_marketcap.USD.","02-16-2018",25.8718701627658
"btc_marketcap.USD.","02-17-2018",25.9579136380388
"btc_marketcap.USD.","02-18-2018",25.9053583282753
"btc_marketcap.USD.","02-19-2018",25.967844817041
"btc_marketcap.USD.","02-20-2018",25.9803809283433
"btc_marketcap.USD.","02-21-2018",25.9158670690562
"btc_marketcap.USD.","02-22-2018",25.8457167675065
"btc_marketcap.USD.","02-23-2018",25.8804918778808
"btc_marketcap.USD.","02-24-2018",25.831674940285
"btc_marketcap.USD.","02-25-2018",25.8187507286256
"btc_marketcap.USD.","02-26-2018",25.8911099870215
"btc_marketcap.USD.","02-27-2018",25.9190520148468
"btc_marketcap.USD.","02-28-2018",25.8904888389033
"btc_marketcap.USD.","03-01-2018",25.9460834940928
"btc_marketcap.USD.","03-02-2018",25.9574765890717
"btc_marketcap.USD.","03-03-2018",25.9926125782429
"btc_marketcap.USD.","03-04-2018",25.9957678358504
"btc_marketcap.USD.","03-05-2018",25.9930705538444
"btc_marketcap.USD.","03-06-2018",25.930733560687
"btc_marketcap.USD.","03-07-2018",25.8486633122129
"btc_marketcap.USD.","03-08-2018",25.7933328848121
"btc_marketcap.USD.","03-09-2018",25.7866137510442
"btc_marketcap.USD.","03-10-2018",25.7320060030882
"btc_marketcap.USD.","03-11-2018",25.813457566659
"btc_marketcap.USD.","03-12-2018",25.7677742378694
"btc_marketcap.USD.","03-13-2018",25.7724228820301
"btc_marketcap.USD.","03-14-2018",25.6668706185834
"btc_marketcap.USD.","03-15-2018",25.6708477287921
"btc_marketcap.USD.","03-16-2018",25.6708477287921
"btc_marketcap.USD.","03-17-2018",25.6177193127533
"btc_marketcap.USD.","03-18-2018",25.6737264080066
"btc_marketcap.USD.","03-19-2018",25.7063380693189
"btc_marketcap.USD.","03-20-2018",25.7426362023148
"btc_marketcap.USD.","03-21-2018",25.7429665820563
"btc_marketcap.USD.","03-22-2018",25.7200793825804
"btc_marketcap.USD.","03-23-2018",25.7389682713757
"btc_marketcap.USD.","03-24-2018",25.7060639126915
"btc_marketcap.USD.","03-25-2018",25.6928013201572
"btc_marketcap.USD.","03-26-2018",25.6571568664088
"btc_marketcap.USD.","03-27-2018",25.6119669914638
"btc_marketcap.USD.","03-28-2018",25.63005798212
"btc_marketcap.USD.","03-29-2018",25.5234598959713
"btc_marketcap.USD.","03-30-2018",25.4839001255586
"btc_marketcap.USD.","03-31-2018",25.499907260674
"btc_marketcap.USD.","04-01-2018",25.4771749427113
"btc_marketcap.USD.","04-02-2018",25.5142099467787
"btc_marketcap.USD.","04-03-2018",25.5629862698303
"btc_marketcap.USD.","04-04-2018",25.4780794173379
"btc_marketcap.USD.","04-05-2018",25.4734104436663
"btc_marketcap.USD.","04-06-2018",25.4459256822269
"btc_marketcap.USD.","04-07-2018",25.488784598918
"btc_marketcap.USD.","04-08-2018",25.5067160905687
"btc_marketcap.USD.","04-09-2018",25.4708553010288
"btc_marketcap.USD.","04-10-2018",25.4779416454535
"btc_marketcap.USD.","04-11-2018",25.4943571583607
"btc_marketcap.USD.","04-12-2018",25.6219560214865
"btc_marketcap.USD.","04-13-2018",25.6187296822228
"btc_marketcap.USD.","04-14-2018",25.63453741341
"btc_marketcap.USD.","04-15-2018",25.6760671949713
"btc_marketcap.USD.","04-16-2018",25.6437575811897
"btc_marketcap.USD.","04-17-2018",25.6279923169486
